seed,method,label,severity,severity_min,tz,start_date,clock_change,utilisation_target,utilisation,clustered,cap,tasks,start_violations,violations,v_commitment,v_sleep,v_overlap,v_break,v_cap,v_late,v_release,v_short,v_past,violation_min,coverage,unmet_weighted,unmet,fully_prepared,unchanged,moved,removed,added,displacement,day_changes,cost,subject_error,starved,runtime_ms,cert_short,cert_tasks,coverage_bound,first_violation
1,M2,D2,light,0,Australia/Hobart,2027-03-15,true,0.7,0.705,false,120,8,0,0,0,0,0,0,0,0,0,0,0,0.0,1.0000,0.0,0.0,1.0000,0.8596,0.1404,0.0000,0,40.0,0,0.263,0.0992,0.0000,4.67,0,0,1.0000,
1,M4,D2,light,0,Australia/Hobart,2027-03-15,true,0.7,0.705,false,120,8,0,0,0,0,0,0,0,0,0,0,0,0.0,1.0000,0.0,0.0,1.0000,1.0000,0.0000,0.0000,0,0.0,0,0.000,0.0992,0.0000,4.19,0,0,1.0000,
2,M2,D3,heavy,215,Australia/Lord_Howe,2026-11-02,false,0.85,0.848,true,240,20,0,0,0,0,0,0,0,0,0,0,0,0.0,1.0000,0.0,0.0,1.0000,0.1792,0.7642,0.0566,1,108470.0,69,54.565,0.0000,0.0000,5.75,0,0,1.0000,
2,M4,D3,heavy,215,Australia/Lord_Howe,2026-11-02,false,0.85,0.848,true,240,20,0,0,0,0,0,0,0,0,0,0,0,0.0,1.0000,0.0,0.0,1.0000,0.8868,0.1132,0.0000,1,106985.0,12,17.375,0.0000,0.0000,38.43,0,0,1.0000,
3,M2,D4,light,55,Australia/Lord_Howe,2027-03-15,true,0.95,0.951,false,120,15,0,0,0,0,0,0,0,0,0,0,0,0.0,1.0000,0.0,0.0,1.0000,0.8182,0.1818,0.0000,0,370.0,0,2.179,0.1289,0.0000,3.60,0,0,1.0000,
3,M4,D4,light,55,Australia/Lord_Howe,2027-03-15,true,0.95,0.951,false,120,15,0,0,0,0,0,0,0,0,0,0,0,0.0,1.0000,0.0,0.0,1.0000,0.9697,0.0303,0.0000,1,0.0,0,0.398,0.1289,0.0000,1.96,0,0,1.0000,
4,M2,D5,heavy,240,Europe/London,2026-11-02,false,1.1,1.099,true,180,21,0,0,0,0,0,0,0,0,0,0,0,0.0,1.0000,0.0,0.0,1.0000,0.0694,0.8889,0.0417,12,113805.0,53,32.285,0.0509,0.0000,5.38,0,0,1.0000,
4,M4,D5,heavy,240,Europe/London,2026-11-02,false,1.1,1.099,true,180,21,0,0,0,0,0,0,0,0,0,0,0,0.0,1.0000,0.0,0.0,1.0000,0.9028,0.0972,0.0000,10,55195.0,5,3.340,0.0000,0.0000,29.37,0,0,1.0000,
5,M2,D6,heavy,320,Australia/Darwin,2026-11-02,false,0.5,0.503,true,210,8,0,0,0,0,0,0,0,0,0,0,0,0.0,1.0000,0.0,0.0,1.0000,0.6545,0.3455,0.0000,3,40560.0,19,28.305,0.0128,0.0000,4.36,0,0,1.0000,
5,M4,D6,heavy,320,Australia/Darwin,2026-11-02,false,0.5,0.503,true,210,8,0,0,0,0,0,0,0,0,0,0,0,0.0,1.0000,0.0,0.0,1.0000,0.9091,0.0909,0.0000,5,27535.0,5,13.469,0.0128,0.0000,2.49,0,0,1.0000,
6,M2,D1,light,45,Australia/Adelaide,2027-03-15,true,0.7,0.696,true,240,18,0,0,0,0,0,0,0,0,0,0,0,0.0,1.0000,0.0,0.0,1.0000,0.8136,0.1695,0.0169,1,4505.0,2,12.476,0.0000,0.0000,2.83,0,0,1.0000,
6,M4,D1,light,45,Australia/Adelaide,2027-03-15,true,0.7,0.696,true,240,18,0,0,0,0,0,0,0,0,0,0,0,0.0,1.0000,0.0,0.0,1.0000,1.0000,0.0000,0.0000,2,0.0,0,1.141,0.0000,0.0000,1.91,0,0,1.0000,
7,M2,D2,light,0,Australia/Sydney,2026-10-19,false,0.85,0.848,true,120,14,0,0,0,0,0,0,0,0,0,0,0,0.0,1.0000,0.0,0.0,1.0000,1.0000,0.0000,0.0000,0,0.0,0,0.000,0.0000,0.0000,4.36,0,0,1.0000,
7,M4,D2,light,0,Australia/Sydney,2026-10-19,false,0.85,0.848,true,120,14,0,0,0,0,0,0,0,0,0,0,0,0.0,1.0000,0.0,0.0,1.0000,1.0000,0.0000,0.0000,0,0.0,0,0.000,0.0000,0.0000,2.28,0,0,1.0000,
8,M2,D3,light,0,Australia/Melbourne,2026-11-02,false,0.95,0.952,false,90,10,0,0,0,0,0,0,0,0,0,0,0,0.0,1.0000,0.0,0.0,1.0000,1.0000,0.0000,0.0000,0,0.0,0,0.000,0.0706,0.0000,4.46,0,0,1.0000,
8,M4,D3,light,0,Australia/Melbourne,2026-11-02,false,0.95,0.952,false,90,10,0,0,0,0,0,0,0,0,0,0,0,0.0,1.0000,0.0,0.0,1.0000,1.0000,0.0000,0.0000,0,0.0,0,0.000,0.0706,0.0000,2.21,0,0,1.0000,
9,M2,D4,medium,60,Australia/Melbourne,2026-10-12,false,1.1,1.094,true,240,20,0,0,0,0,0,0,0,0,0,0,0,0.0,0.9901,90.0,30.0,0.9500,0.7571,0.2214,0.0214,1,25650.0,5,7.669,0.0000,0.0000,6.13,0,0,1.0000,
9,M4,D4,medium,60,Australia/Melbourne,2026-10-12,false,1.1,1.094,true,240,20,0,0,0,0,0,0,0,0,0,0,0,0.0,1.0000,0.0,0.0,1.0000,0.9786,0.0214,0.0000,2,6120.0,1,1.807,0.0000,0.0000,3.05,0,0,1.0000,
10,M2,D5,medium,180,Australia/Adelaide,2027-02-08,false,0.5,0.554,true,90,7,0,0,0,0,0,0,0,0,0,0,0,0.0,1.0000,0.0,0.0,1.0000,0.8571,0.0476,0.0952,5,1315.0,1,4.350,0.0000,0.0000,3.72,0,0,1.0000,
10,M4,D5,medium,180,Australia/Adelaide,2027-02-08,false,0.5,0.554,true,90,7,0,0,0,0,0,0,0,0,0,0,0,0.0,1.0000,0.0,0.0,1.0000,1.0000,0.0000,0.0000,5,0.0,0,3.576,0.0000,0.0000,2.35,0,0,1.0000,
11,M2,D6,heavy,265,Australia/Adelaide,2027-02-08,false,0.7,0.696,false,210,17,0,0,0,0,0,0,0,0,0,0,0,0.0,1.0000,0.0,0.0,1.0000,0.3030,0.6515,0.0455,4,75985.0,43,40.736,0.0000,0.0000,4.34,0,0,1.0000,
11,M4,D6,heavy,265,Australia/Adelaide,2027-02-08,false,0.7,0.696,false,210,17,0,0,0,0,0,0,0,0,0,0,0,0.0,1.0000,0.0,0.0,1.0000,0.8333,0.1667,0.0000,3,73635.0,11,18.806,0.0000,0.0000,28.68,0,0,1.0000,
12,M2,D1,light,40,Australia/Brisbane,2027-03-15,false,0.85,0.848,false,240,20,0,0,0,0,0,0,0,0,0,0,0,0.0,1.0000,0.0,0.0,1.0000,0.5638,0.3936,0.0426,1,24295.0,15,12.716,0.0000,0.0000,4.08,0,0,1.0000,
12,M4,D1,light,40,Australia/Brisbane,2027-03-15,false,0.85,0.848,false,240,20,0,0,0,0,0,0,0,0,0,0,0,0.0,1.0000,0.0,0.0,1.0000,0.9894,0.0106,0.0000,1,6540.0,1,0.759,0.0000,0.0000,22.32,0,0,1.0000,
13,M2,D2,light,0,Australia/Adelaide,2026-10-12,false,0.95,0.951,true,120,15,0,0,0,0,0,0,0,0,0,0,0,0.0,1.0000,0.0,0.0,1.0000,0.3091,0.6909,0.0000,2,13925.0,7,5.576,0.1143,0.0000,3.83,0,0,1.0000,
13,M4,D2,light,0,Australia/Adelaide,2026-10-12,false,0.95,0.951,true,120,15,0,0,0,0,0,0,0,0,0,0,0,0.0,1.0000,0.0,0.0,1.0000,1.0000,0.0000,0.0000,0,0.0,0,0.000,0.1143,0.0000,1.92,0,0,1.0000,
14,M2,D3,light,0,Australia/Perth,2026-11-16,false,1.1,1.094,false,120,17,0,0,0,0,0,0,0,0,0,0,0,0.0,1.0000,0.0,0.0,1.0000,1.0000,0.0000,0.0000,0,0.0,0,0.000,0.0439,0.0000,3.76,0,0,1.0000,
14,M4,D3,light,0,Australia/Perth,2026-11-16,false,1.1,1.094,false,120,17,0,0,0,0,0,0,0,0,0,0,0,0.0,1.0000,0.0,0.0,1.0000,1.0000,0.0000,0.0000,0,0.0,0,0.000,0.0439,0.0000,2.04,0,0,1.0000,
15,M2,D4,light,0,Australia/Melbourne,2026-11-16,false,0.5,0.504,true,150,6,0,0,0,0,0,0,0,0,0,0,0,0.0,1.0000,0.0,0.0,1.0000,1.0000,0.0000,0.0000,0,0.0,0,0.000,0.0062,0.0000,3.34,0,0,1.0000,
15,M4,D4,light,0,Australia/Melbourne,2026-11-16,false,0.5,0.504,true,150,6,0,0,0,0,0,0,0,0,0,0,0,0.0,1.0000,0.0,0.0,1.0000,1.0000,0.0000,0.0000,0,0.0,0,0.000,0.0062,0.0000,2.02,0,0,1.0000,
16,M2,D5,heavy,210,Australia/Hobart,2026-10-19,false,0.7,0.689,false,150,14,0,0,0,0,0,0,0,0,0,0,0,0.0,1.0000,0.0,0.0,1.0000,0.5333,0.4000,0.0667,6,22330.0,9,17.317,0.0049,0.0000,4.02,0,0,1.0000,
16,M4,D5,heavy,210,Australia/Hobart,2026-10-19,false,0.7,0.689,false,150,14,0,0,0,0,0,0,0,0,0,0,0,0.0,1.0000,0.0,0.0,1.0000,1.0000,0.0000,0.0000,6,0.0,0,1.212,0.0000,0.0000,2.22,0,0,1.0000,
17,M2,D6,medium,165,Australia/Darwin,2027-03-15,false,0.85,0.844,false,120,15,0,0,0,0,0,0,0,0,0,0,0,0.0,0.9657,90.0,30.0,0.9286,0.2188,0.6250,0.1563,6,36105.0,18,19.588,0.0733,0.0000,4.36,0,0,1.0000,
17,M4,D6,medium,165,Australia/Darwin,2027-03-15,false,0.85,0.844,false,120,15,0,0,0,0,0,0,0,0,0,0,0,0.0,1.0000,0.0,0.0,1.0000,0.8750,0.1250,0.0000,4,14065.0,4,2.051,0.0289,0.0000,4.41,0,0,1.0000,
18,M2,D1,light,40,Australia/Brisbane,2026-11-16,false,0.95,0.942,true,120,17,0,0,0,0,0,0,0,0,0,0,0,0.0,1.0000,0.0,0.0,1.0000,0.5441,0.3971,0.0588,1,21490.0,10,7.015,0.0000,0.0000,4.10,0,0,1.0000,
18,M4,D1,light,40,Australia/Brisbane,2026-11-16,false,0.95,0.942,true,120,17,0,0,0,0,0,0,0,0,0,0,0,0.0,1.0000,0.0,0.0,1.0000,0.9559,0.0441,0.0000,1,18075.0,3,2.150,0.0000,0.0000,9.80,0,0,1.0000,
19,M2,D2,light,50,Australia/Sydney,2026-11-16,false,1.1,1.107,false,90,11,0,0,0,0,0,0,0,0,0,0,0,0.0,1.0000,0.0,0.0,1.0000,0.5500,0.3500,0.1000,0,20040.0,9,10.257,0.0629,0.0000,3.62,0,0,1.0000,
19,M4,D2,light,50,Australia/Sydney,2026-11-16,false,1.1,1.107,false,90,11,0,0,0,0,0,0,0,0,0,0,0,0.0,1.0000,0.0,0.0,1.0000,0.9750,0.0250,0.0000,0,95.0,0,1.556,0.0629,0.0000,1.99,0,0,1.0000,
20,M2,D3,light,0,Australia/Lord_Howe,2026-11-16,false,0.5,0.839,false,90,6,0,0,0,0,0,0,0,0,0,0,0,0.0,1.0000,0.0,0.0,1.0000,1.0000,0.0000,0.0000,0,0.0,0,0.000,0.0059,0.0000,3.69,0,0,1.0000,
20,M4,D3,light,0,Australia/Lord_Howe,2026-11-16,false,0.5,0.839,false,90,6,0,0,0,0,0,0,0,0,0,0,0,0.0,1.0000,0.0,0.0,1.0000,1.0000,0.0000,0.0000,0,0.0,0,0.000,0.0059,0.0000,2.04,0,0,1.0000,
21,M2,D4,light,0,Australia/Perth,2026-11-02,false,0.7,0.704,false,150,12,0,0,0,0,0,0,0,0,0,0,0,0.0,1.0000,0.0,0.0,1.0000,0.5758,0.3939,0.0303,2,1730.0,1,2.836,0.0336,0.0000,4.55,0,0,1.0000,
21,M4,D4,light,0,Australia/Perth,2026-11-02,false,0.7,0.704,false,150,12,0,0,0,0,0,0,0,0,0,0,0,0.0,1.0000,0.0,0.0,1.0000,0.9697,0.0303,0.0000,2,25.0,0,0.858,0.0336,0.0000,2.54,0,0,1.0000,
22,M2,D5,heavy,210,Australia/Hobart,2026-09-21,true,0.85,0.857,true,90,11,0,0,0,0,0,0,0,0,0,0,0,0.0,0.9701,90.0,90.0,0.9091,0.3784,0.6216,0.0000,3,50490.0,22,15.101,0.0190,0.0000,4.86,0,0,1.0000,
22,M4,D5,heavy,210,Australia/Hobart,2026-09-21,true,0.85,0.857,true,90,11,0,0,0,0,0,0,0,0,0,0,0,0.0,1.0000,0.0,0.0,1.0000,0.7297,0.2703,0.0000,9,56055.0,8,11.941,0.0190,0.0000,15.05,0,0,1.0000,
23,M2,D6,medium,105,Australia/Sydney,2027-03-15,true,0.95,0.951,true,240,20,0,0,0,0,0,0,0,0,0,0,0,0.0,1.0000,0.0,0.0,1.0000,0.4630,0.5185,0.0185,3,34715.0,12,15.974,0.0355,0.0000,4.84,0,0,1.0000,
23,M4,D6,medium,105,Australia/Sydney,2027-03-15,true,0.95,0.951,true,240,20,0,0,0,0,0,0,0,0,0,0,0,0.0,1.0000,0.0,0.0,1.0000,0.9815,0.0185,0.0000,2,710.0,0,2.526,0.0355,0.0000,2.34,0,0,1.0000,
24,M2,D1,medium,60,Australia/Brisbane,2026-11-02,false,1.1,1.087,true,240,20,0,0,0,0,0,0,0,0,0,0,0,0.0,0.9870,130.0,65.0,0.9500,0.5341,0.4545,0.0114,5,19525.0,9,7.653,0.0663,0.0000,4.07,0,0,1.0000,
24,M4,D1,medium,60,Australia/Brisbane,2026-11-02,false,1.1,1.087,true,240,20,0,0,0,0,0,0,0,0,0,0,0,0.0,1.0000,0.0,0.0,1.0000,0.7841,0.2159,0.0000,16,27240.0,12,8.248,0.0579,0.0000,362.04,0,0,1.0000,
25,M2,D2,light,0,Australia/Hobart,2026-11-16,false,0.5,0.634,false,120,6,0,0,0,0,0,0,0,0,0,0,0,0.0,1.0000,0.0,0.0,1.0000,0.9500,0.0500,0.0000,0,1400.0,1,2.779,0.0404,0.0000,3.18,0,0,1.0000,
25,M4,D2,light,0,Australia/Hobart,2026-11-16,false,0.5,0.634,false,120,6,0,0,0,0,0,0,0,0,0,0,0,0.0,1.0000,0.0,0.0,1.0000,1.0000,0.0000,0.0000,0,0.0,0,0.000,0.0404,0.0000,2.19,0,0,1.0000,
26,M2,D3,medium,90,Australia/Adelaide,2026-11-16,false,0.7,0.702,true,90,6,0,0,0,0,0,0,0,0,0,0,0,0.0,1.0000,0.0,0.0,1.0000,0.8485,0.1515,0.0000,0,7315.0,5,8.541,0.0595,0.0000,4.06,0,0,1.0000,
26,M4,D3,medium,90,Australia/Adelaide,2026-11-16,false,0.7,0.702,true,90,6,0,0,0,0,0,0,0,0,0,0,0,0.0,1.0000,0.0,0.0,1.0000,0.9394,0.0606,0.0000,1,6205.0,2,5.155,0.0595,0.0000,2.47,0,0,1.0000,
27,M2,D4,light,0,Australia/Brisbane,2026-09-21,false,0.85,0.848,true,120,10,0,0,0,0,0,0,0,0,0,0,0,0.0,1.0000,0.0,0.0,1.0000,0.7541,0.2459,0.0000,0,1800.0,0,4.135,0.0439,0.0000,3.51,0,0,1.0000,
27,M4,D4,light,0,Australia/Brisbane,2026-09-21,false,0.85,0.848,true,120,10,0,0,0,0,0,0,0,0,0,0,0,0.0,1.0000,0.0,0.0,1.0000,1.0000,0.0000,0.0000,0,0.0,0,0.000,0.0439,0.0000,2.03,0,0,1.0000,
28,M2,D5,medium,150,Australia/Brisbane,2027-02-08,false,0.95,0.949,false,210,21,0,0,0,0,0,0,0,0,0,0,0,0.0,1.0000,0.0,0.0,1.0000,0.4058,0.5507,0.0435,4,46080.0,25,21.955,0.1095,0.0000,5.13,0,0,1.0000,
28,M4,D5,medium,150,Australia/Brisbane,2027-02-08,false,0.95,0.949,false,210,21,0,0,0,0,0,0,0,0,0,0,0,0.0,1.0000,0.0,0.0,1.0000,0.7826,0.2174,0.0000,14,24700.0,10,11.518,0.1095,0.0000,174.31,0,0,1.0000,
29,M2,D6,medium,90,Australia/Melbourne,2026-09-21,true,1.1,1.098,true,180,20,0,0,0,0,0,0,0,0,0,0,0,0.0,1.0000,0.0,0.0,1.0000,0.6016,0.3906,0.0078,3,22135.0,6,6.667,0.0000,0.0000,5.27,0,0,1.0000,
29,M4,D6,medium,90,Australia/Melbourne,2026-09-21,true,1.1,1.098,true,180,20,0,0,0,0,0,0,0,0,0,0,0,0.0,1.0000,0.0,0.0,1.0000,0.9688,0.0313,0.0000,1,18350.0,2,1.999,0.0000,0.0000,178.63,0,0,1.0000,
30,M2,D1,light,55,Europe/London,2026-11-16,false,0.5,0.500,true,180,6,0,0,0,0,0,0,0,0,0,0,0,0.0,1.0000,0.0,0.0,1.0000,0.9600,0.0400,0.0000,1,1585.0,1,3.153,0.0798,0.0000,3.78,0,0,1.0000,
30,M4,D1,light,55,Europe/London,2026-11-16,false,0.5,0.500,true,180,6,0,0,0,0,0,0,0,0,0,0,0,0.0,1.0000,0.0,0.0,1.0000,1.0000,0.0000,0.0000,0,0.0,0,0.000,0.0931,0.0000,2.15,0,0,1.0000,
31,M2,D2,light,15,Australia/Darwin,2027-02-08,false,0.7,0.699,false,240,19,0,0,0,0,0,0,0,0,0,0,0,0.0,1.0000,0.0,0.0,1.0000,0.4531,0.5313,0.0156,0,3980.0,1,7.511,0.0263,0.0000,3.97,0,0,1.0000,
31,M4,D2,light,15,Australia/Darwin,2027-02-08,false,0.7,0.699,false,240,19,0,0,0,0,0,0,0,0,0,0,0,0.0,1.0000,0.0,0.0,1.0000,0.9844,0.0156,0.0000,0,330.0,0,0.861,0.0263,0.0000,2.14,0,0,1.0000,
32,M2,D3,light,0,Australia/Brisbane,2026-11-02,false,0.85,0.854,false,150,14,0,0,0,0,0,0,0,0,0,0,0,0.0,1.0000,0.0,0.0,1.0000,1.0000,0.0000,0.0000,0,0.0,0,0.000,0.0288,0.0000,3.81,0,0,1.0000,
32,M4,D3,light,0,Australia/Brisbane,2026-11-02,false,0.85,0.854,false,150,14,0,0,0,0,0,0,0,0,0,0,0,0.0,1.0000,0.0,0.0,1.0000,1.0000,0.0000,0.0000,0,0.0,0,0.000,0.0288,0.0000,2.64,0,0,1.0000,
33,M2,D4,heavy,205,Australia/Adelaide,2027-02-08,false,0.95,0.946,false,180,20,0,0,0,0,0,0,0,0,0,0,0,0.0,1.0000,0.0,0.0,1.0000,0.9194,0.0806,0.0000,0,795.0,0,1.622,0.0591,0.0000,4.33,0,0,1.0000,
33,M4,D4,heavy,205,Australia/Adelaide,2027-02-08,false,0.95,0.946,false,180,20,0,0,0,0,0,0,0,0,0,0,0,0.0,1.0000,0.0,0.0,1.0000,0.9194,0.0806,0.0000,0,405.0,0,1.008,0.0591,0.0000,2.26,0,0,1.0000,
34,M2,D5,medium,120,Australia/Hobart,2026-10-12,false,1.1,1.107,false,150,21,0,0,0,0,0,0,0,0,0,0,0,0.0,0.9595,245.0,175.0,0.8571,0.3924,0.5696,0.0380,7,63110.0,33,11.816,0.1465,0.2000,4.34,120,7,0.9801,
34,M4,D5,medium,120,Australia/Hobart,2026-10-12,false,1.1,1.107,false,150,21,0,0,0,0,0,0,0,0,0,0,0,0.0,0.9595,245.0,145.0,0.9048,0.7089,0.2911,0.0000,13,78395.0,23,12.189,0.1179,0.2000,58.76,120,7,0.9801,
35,M2,D6,light,45,Australia/Sydney,2027-02-08,false,0.5,0.500,true,240,7,0,0,0,0,0,0,0,0,0,0,0,0.0,1.0000,0.0,0.0,1.0000,0.9333,0.0667,0.0000,1,180.0,0,2.401,0.0396,0.0000,3.98,0,0,1.0000,
35,M4,D6,light,45,Australia/Sydney,2027-02-08,false,0.5,0.500,true,240,7,0,0,0,0,0,0,0,0,0,0,0,0.0,1.0000,0.0,0.0,1.0000,1.0000,0.0000,0.0000,1,0.0,0,0.711,0.0396,0.0000,2.71,0,0,1.0000,
36,M2,D1,light,25,America/Los_Angeles,2026-11-02,false,0.7,0.696,false,180,14,0,0,0,0,0,0,0,0,0,0,0,0.0,1.0000,0.0,0.0,1.0000,0.6949,0.3051,0.0000,1,1460.0,1,4.372,0.0234,0.0000,4.86,0,0,1.0000,
36,M4,D1,light,25,America/Los_Angeles,2026-11-02,false,0.7,0.696,false,180,14,0,0,0,0,0,0,0,0,0,0,0,0.0,1.0000,0.0,0.0,1.0000,1.0000,0.0000,0.0000,1,0.0,0,1.000,0.0234,0.0000,2.47,0,0,1.0000,
37,M2,D2,medium,75,Australia/Adelaide,2026-10-12,false,0.85,0.848,false,240,20,0,0,0,0,0,0,0,0,0,0,0,0.0,1.0000,0.0,0.0,1.0000,0.9310,0.0690,0.0000,0,540.0,0,4.777,0.0247,0.0000,5.23,0,0,1.0000,
37,M4,D2,medium,75,Australia/Adelaide,2026-10-12,false,0.85,0.848,false,240,20,0,0,0,0,0,0,0,0,0,0,0,0.0,1.0000,0.0,0.0,1.0000,0.9770,0.0230,0.0000,1,225.0,0,1.903,0.0247,0.0000,2.74,0,0,1.0000,
38,M2,D3,medium,120,Australia/Lord_Howe,2026-10-12,false,0.95,0.955,false,120,17,0,0,0,0,0,0,0,0,0,0,0,0.0,0.9576,180.0,60.0,0.9412,0.3800,0.5200,0.1000,1,37755.0,19,23.394,0.0000,0.0000,3.77,0,0,1.0000,
38,M4,D3,medium,120,Australia/Lord_Howe,2026-10-12,false,0.95,0.955,false,120,17,0,0,0,0,0,0,0,0,0,0,0,0.0,1.0000,0.0,0.0,1.0000,0.4600,0.5400,0.0000,14,35645.0,27,24.503,0.0000,0.0000,57.14,0,0,1.0000,
39,M2,D4,light,0,Australia/Sydney,2026-11-16,false,1.1,1.099,true,210,20,0,0,0,0,0,0,0,0,0,0,0,0.0,0.9164,700.0,350.0,0.9000,0.8667,0.1333,0.0000,0,1085.0,0,1.461,0.0174,0.0000,4.47,345,11,0.9588,
39,M4,D4,light,0,Australia/Sydney,2026-11-16,false,1.1,1.099,true,210,20,0,0,0,0,0,0,0,0,0,0,0,0.0,0.9164,700.0,350.0,0.9000,1.0000,0.0000,0.0000,0,0.0,0,0.000,0.0174,0.0000,4.13,345,11,0.9588,
40,M2,D5,medium,150,Australia/Hobart,2026-10-12,false,0.5,0.500,false,210,8,0,0,0,0,0,0,0,0,0,0,0,0.0,0.9634,50.0,50.0,0.8750,0.9375,0.0625,0.0000,2,1125.0,1,2.723,0.0535,0.0000,4.13,0,0,1.0000,
40,M4,D5,medium,150,Australia/Hobart,2026-10-12,false,0.5,0.500,false,210,8,0,0,0,0,0,0,0,0,0,0,0,0.0,1.0000,0.0,0.0,1.0000,1.0000,0.0000,0.0000,4,0.0,0,2.763,0.0535,0.0000,2.50,0,0,1.0000,
41,M2,D6,medium,120,Pacific/Auckland,2027-02-08,false,0.7,0.701,false,240,19,0,0,0,0,0,0,0,0,0,0,0,0.0,1.0000,0.0,0.0,1.0000,0.6711,0.2895,0.0395,4,11655.0,8,25.009,0.0110,0.0000,4.46,0,0,1.0000,
41,M4,D6,medium,120,Pacific/Auckland,2027-02-08,false,0.7,0.701,false,240,19,0,0,0,0,0,0,0,0,0,0,0,0.0,1.0000,0.0,0.0,1.0000,0.9605,0.0395,0.0000,5,2170.0,3,4.609,0.0110,0.0000,4.77,0,0,1.0000,
42,M2,D1,light,55,Australia/Hobart,2027-05-10,false,0.85,0.839,true,90,6,0,0,0,0,0,0,0,0,0,0,0,0.0,1.0000,0.0,0.0,1.0000,0.8667,0.1333,0.0000,1,1125.0,1,2.854,0.0372,0.0000,3.10,0,0,1.0000,
42,M4,D1,light,55,Australia/Hobart,2027-05-10,false,0.85,0.839,true,90,6,0,0,0,0,0,0,0,0,0,0,0,0.0,1.0000,0.0,0.0,1.0000,1.0000,0.0000,0.0000,1,0.0,0,1.000,0.0372,0.0000,1.92,0,0,1.0000,
43,M2,D2,medium,160,America/Los_Angeles,2027-03-15,false,0.95,0.953,false,240,20,0,0,0,0,0,0,0,0,0,0,0,0.0,1.0000,0.0,0.0,1.0000,0.7556,0.2222,0.0222,1,4815.0,1,8.745,0.0815,0.0000,4.63,0,0,1.0000,
43,M4,D2,medium,160,America/Los_Angeles,2027-03-15,false,0.95,0.953,false,240,20,0,0,0,0,0,0,0,0,0,0,0,0.0,1.0000,0.0,0.0,1.0000,0.9556,0.0444,0.0000,1,390.0,0,5.906,0.0815,0.0000,2.22,0,0,1.0000,
44,M2,D3,light,0,Pacific/Auckland,2026-09-21,true,1.1,1.107,true,150,20,0,0,0,0,0,0,0,0,0,0,0,0.0,0.9953,30.0,30.0,0.9500,0.4535,0.5000,0.0465,1,2185.0,1,4.171,0.0000,0.0000,5.15,15,18,0.9976,
44,M4,D3,light,0,Pacific/Auckland,2026-09-21,true,1.1,1.107,true,150,20,0,0,0,0,0,0,0,0,0,0,0,0.0,0.9945,35.0,35.0,0.9500,1.0000,0.0000,0.0000,0,0.0,0,0.000,0.0000,0.0000,4.42,15,18,0.9976,
45,M2,D4,medium,180,Australia/Sydney,2027-02-08,false,0.5,0.497,true,210,9,0,0,0,0,0,0,0,0,0,0,0,0.0,1.0000,0.0,0.0,1.0000,0.8065,0.1935,0.0000,0,600.0,0,0.539,0.0636,0.0000,3.40,0,0,1.0000,
45,M4,D4,medium,180,Australia/Sydney,2027-02-08,false,0.5,0.497,true,210,9,0,0,0,0,0,0,0,0,0,0,0,0.0,1.0000,0.0,0.0,1.0000,0.9032,0.0968,0.0000,0,540.0,0,0.498,0.0636,0.0000,2.11,0,0,1.0000,
46,M2,D5,medium,120,Australia/Sydney,2026-11-16,false,0.7,0.744,false,90,7,0,0,0,0,0,0,0,0,0,0,0,0.0,1.0000,0.0,0.0,1.0000,0.7381,0.2143,0.0476,3,8265.0,6,5.722,0.0493,0.0000,3.00,0,0,1.0000,
46,M4,D5,medium,120,Australia/Sydney,2026-11-16,false,0.7,0.744,false,90,7,0,0,0,0,0,0,0,0,0,0,0,0.0,1.0000,0.0,0.0,1.0000,1.0000,0.0000,0.0000,4,0.0,0,2.495,0.0493,0.0000,2.00,0,0,1.0000,
47,M2,D6,heavy,230,Australia/Hobart,2027-03-15,true,0.85,0.849,false,210,20,0,0,0,0,0,0,0,0,0,0,0,0.0,0.9939,35.0,35.0,0.9500,0.4048,0.5873,0.0079,2,16830.0,5,12.072,0.0000,0.0000,5.05,0,0,1.0000,
47,M4,D6,heavy,230,Australia/Hobart,2027-03-15,true,0.85,0.849,false,210,20,0,0,0,0,0,0,0,0,0,0,0,0.0,1.0000,0.0,0.0,1.0000,0.9365,0.0635,0.0000,4,925.0,0,5.944,0.0000,0.0000,2.53,0,0,1.0000,
48,M2,D1,light,30,Pacific/Auckland,2026-11-02,false,0.95,0.946,true,240,20,0,0,0,0,0,0,0,0,0,0,0,0.0,1.0000,0.0,0.0,1.0000,0.5089,0.4911,0.0000,2,21790.0,9,11.155,0.0139,0.0000,4.84,0,0,1.0000,
48,M4,D1,light,30,Pacific/Auckland,2026-11-02,false,0.95,0.946,true,240,20,0,0,0,0,0,0,0,0,0,0,0,0.0,1.0000,0.0,0.0,1.0000,0.9911,0.0089,0.0000,1,2300.0,1,0.540,0.0139,0.0000,3.66,0,0,1.0000,
49,M2,D2,light,0,Australia/Brisbane,2027-02-08,false,1.1,1.093,false,150,20,0,0,0,0,0,0,0,0,0,0,0,0.0,1.0000,0.0,0.0,1.0000,0.9245,0.0566,0.0189,0,30.0,0,3.520,0.0000,0.0000,3.63,0,0,1.0000,
49,M4,D2,light,0,Australia/Brisbane,2027-02-08,false,1.1,1.093,false,150,20,0,0,0,0,0,0,0,0,0,0,0,0.0,1.0000,0.0,0.0,1.0000,1.0000,0.0000,0.0000,0,0.0,0,0.000,0.0000,0.0000,1.84,0,0,1.0000,
50,M2,D3,light,30,Australia/Adelaide,2027-03-15,true,0.5,0.500,false,210,7,0,0,0,0,0,0,0,0,0,0,0,0.0,1.0000,0.0,0.0,1.0000,0.9365,0.0635,0.0000,0,2830.0,2,4.777,0.0688,0.0000,4.54,0,0,1.0000,
50,M4,D3,light,30,Australia/Adelaide,2027-03-15,true,0.5,0.500,false,210,7,0,0,0,0,0,0,0,0,0,0,0,0.0,1.0000,0.0,0.0,1.0000,0.9841,0.0159,0.0000,0,600.0,1,2.717,0.0688,0.0000,2.59,0,0,1.0000,
51,M2,D4,light,0,Australia/Melbourne,2027-03-15,true,0.7,0.702,true,180,15,0,0,0,0,0,0,0,0,0,0,0,0.0,1.0000,0.0,0.0,1.0000,1.0000,0.0000,0.0000,0,0.0,0,0.000,0.0284,0.0000,3.58,0,0,1.0000,
51,M4,D4,light,0,Australia/Melbourne,2027-03-15,true,0.7,0.702,true,180,15,0,0,0,0,0,0,0,0,0,0,0,0.0,1.0000,0.0,0.0,1.0000,1.0000,0.0000,0.0000,0,0.0,0,0.000,0.0284,0.0000,2.02,0,0,1.0000,
52,M2,D5,medium,150,Australia/Melbourne,2027-03-15,true,0.85,0.848,false,120,15,0,0,0,0,0,0,0,0,0,0,0,0.0,1.0000,0.0,0.0,1.0000,0.2353,0.7059,0.0588,4,56655.0,29,16.267,0.0000,0.0000,3.50,0,0,1.0000,
52,M4,D5,medium,150,Australia/Melbourne,2027-03-15,true,0.85,0.848,false,120,15,0,0,0,0,0,0,0,0,0,0,0,0.0,1.0000,0.0,0.0,1.0000,0.9020,0.0980,0.0000,5,47770.0,5,3.332,0.0000,0.0000,5.57,0,0,1.0000,
53,M2,D6,heavy,355,Australia/Sydney,2026-10-12,false,0.95,0.952,false,210,20,0,0,0,0,0,0,0,0,0,0,0,0.0,1.0000,0.0,0.0,1.0000,0.2609,0.6957,0.0435,2,17895.0,11,19.727,0.0505,0.0000,5.06,0,0,1.0000,
53,M4,D6,heavy,355,Australia/Sydney,2026-10-12,false,0.95,0.952,false,210,20,0,0,0,0,0,0,0,0,0,0,0,0.0,1.0000,0.0,0.0,1.0000,0.8841,0.1159,0.0000,1,710.0,0,2.882,0.0729,0.0000,2.59,0,0,1.0000,
54,M2,D1,light,15,Australia/Melbourne,2026-11-02,false,1.1,1.092,false,180,20,0,0,0,0,0,0,0,0,0,0,0,0.0,1.0000,0.0,0.0,1.0000,1.0000,0.0000,0.0000,1,0.0,0,1.000,0.0684,0.0000,3.85,0,0,1.0000,
54,M4,D1,light,15,Australia/Melbourne,2026-11-02,false,1.1,1.092,false,180,20,0,0,0,0,0,0,0,0,0,0,0,0.0,1.0000,0.0,0.0,1.0000,1.0000,0.0000,0.0000,1,0.0,0,1.000,0.0684,0.0000,2.07,0,0,1.0000,
55,M2,D2,medium,125,Australia/Perth,2027-02-08,false,0.5,0.500,false,150,6,0,0,0,0,0,0,0,0,0,0,0,0.0,1.0000,0.0,0.0,1.0000,0.8889,0.1111,0.0000,0,1410.0,1,5.440,0.0557,0.0000,3.46,0,0,1.0000,
55,M4,D2,medium,125,Australia/Perth,2027-02-08,false,0.5,0.500,false,150,6,0,0,0,0,0,0,0,0,0,0,0,0.0,1.0000,0.0,0.0,1.0000,0.8889,0.1111,0.0000,1,220.0,0,3.878,0.0557,0.0000,2.08,0,0,1.0000,
56,M2,D3,light,0,Australia/Melbourne,2027-02-08,false,0.7,0.703,false,240,18,0,0,0,0,0,0,0,0,0,0,0,0.0,1.0000,0.0,0.0,1.0000,1.0000,0.0000,0.0000,0,0.0,0,0.000,0.0202,0.0000,3.92,0,0,1.0000,
56,M4,D3,light,0,Australia/Melbourne,2027-02-08,false,0.7,0.703,false,240,18,0,0,0,0,0,0,0,0,0,0,0,0.0,1.0000,0.0,0.0,1.0000,1.0000,0.0000,0.0000,0,0.0,0,0.000,0.0202,0.0000,2.08,0,0,1.0000,
57,M2,D4,light,0,Australia/Lord_Howe,2026-09-21,true,0.85,0.848,true,180,20,0,0,0,0,0,0,0,0,0,0,0,0.0,1.0000,0.0,0.0,1.0000,0.9483,0.0345,0.0172,0,15.0,0,3.822,0.1217,0.0000,4.62,0,0,1.0000,
57,M4,D4,light,0,Australia/Lord_Howe,2026-09-21,true,0.85,0.848,true,180,20,0,0,0,0,0,0,0,0,0,0,0,0.0,1.0000,0.0,0.0,1.0000,1.0000,0.0000,0.0000,0,0.0,0,0.000,0.1217,0.0000,2.30,0,0,1.0000,
58,M2,D5,heavy,240,Australia/Perth,2027-02-08,false,0.95,0.936,false,150,21,0,0,0,0,0,0,0,0,0,0,0,0.0,0.9855,80.0,40.0,0.9500,0.1964,0.7321,0.0714,8,67980.0,38,27.618,0.0000,0.0000,4.15,0,0,1.0000,
58,M4,D5,heavy,240,Australia/Perth,2027-02-08,false,0.95,0.936,false,150,21,0,0,0,0,0,0,0,0,0,0,0,0.0,1.0000,0.0,0.0,1.0000,0.6250,0.3750,0.0000,12,84735.0,21,19.809,0.0000,0.0000,330.00,0,0,1.0000,
59,M2,D6,heavy,200,Australia/Brisbane,2026-11-02,false,1.1,1.080,false,240,21,0,0,0,0,0,0,0,0,0,0,0,0.0,1.0000,0.0,0.0,1.0000,0.3194,0.6667,0.0139,6,53850.0,34,34.284,0.0460,0.0000,4.39,0,0,1.0000,
59,M4,D6,heavy,200,Australia/Brisbane,2026-11-02,false,1.1,1.080,false,240,21,0,0,0,0,0,0,0,0,0,0,0,0.0,1.0000,0.0,0.0,1.0000,0.8611,0.1389,0.0000,9,36585.0,6,10.137,0.0460,0.0000,205.59,0,0,1.0000,
60,M2,D1,light,30,Australia/Brisbane,2026-09-21,false,0.5,0.634,false,120,6,0,0,0,0,0,0,0,0,0,0,0,0.0,1.0000,0.0,0.0,1.0000,0.8000,0.2000,0.0000,1,8250.0,6,7.463,0.0474,0.0000,3.22,0,0,1.0000,
60,M4,D1,light,30,Australia/Brisbane,2026-09-21,false,0.5,0.634,false,120,6,0,0,0,0,0,0,0,0,0,0,0,0.0,1.0000,0.0,0.0,1.0000,1.0000,0.0000,0.0000,1,0.0,0,0.990,0.0474,0.0000,2.12,0,0,1.0000,
61,M2,D2,light,55,Australia/Adelaide,2027-05-10,false,0.7,0.699,true,240,19,0,0,0,0,0,0,0,0,0,0,0,0.0,1.0000,0.0,0.0,1.0000,0.8406,0.1594,0.0000,0,330.0,0,3.967,0.0084,0.0000,3.99,0,0,1.0000,
61,M4,D2,light,55,Australia/Adelaide,2027-05-10,false,0.7,0.699,true,240,19,0,0,0,0,0,0,0,0,0,0,0,0.0,1.0000,0.0,0.0,1.0000,0.9855,0.0145,0.0000,0,300.0,0,1.966,0.0084,0.0000,2.15,0,0,1.0000,
62,M2,D3,heavy,210,Australia/Lord_Howe,2026-09-21,true,0.85,0.849,true,210,20,0,0,0,0,0,0,0,0,0,0,0,0.0,1.0000,0.0,0.0,1.0000,0.3070,0.6930,0.0000,0,130975.0,78,61.601,0.0533,0.0000,4.82,0,0,1.0000,
62,M4,D3,heavy,210,Australia/Lord_Howe,2026-09-21,true,0.85,0.849,true,210,20,0,0,0,0,0,0,0,0,0,0,0,0.0,1.0000,0.0,0.0,1.0000,0.8772,0.1228,0.0000,1,129915.0,14,23.700,0.0533,0.0000,38.70,0,0,1.0000,
63,M2,D4,light,0,Australia/Melbourne,2026-09-21,true,0.95,0.952,false,180,20,0,0,0,0,0,0,0,0,0,0,0,0.0,1.0000,0.0,0.0,1.0000,0.8607,0.1393,0.0000,0,500.0,0,1.950,0.0721,0.0000,4.78,0,0,1.0000,
63,M4,D4,light,0,Australia/Melbourne,2026-09-21,true,0.95,0.952,false,180,20,0,0,0,0,0,0,0,0,0,0,0,0.0,1.0000,0.0,0.0,1.0000,1.0000,0.0000,0.0000,0,0.0,0,0.000,0.0721,0.0000,2.15,0,0,1.0000,
64,M2,D5,medium,120,Pacific/Auckland,2027-02-08,false,1.1,1.112,true,120,21,0,0,0,0,0,0,0,0,0,0,0,0.0,0.8610,755.0,320.0,0.7619,0.3750,0.5694,0.0556,4,61865.0,34,28.850,0.0000,0.0000,5.22,255,17,0.9530,
64,M4,D5,medium,120,Pacific/Auckland,2027-02-08,false,1.1,1.112,true,120,21,0,0,0,0,0,0,0,0,0,0,0,0.0,0.8895,600.0,330.0,0.8095,1.0000,0.0000,0.0000,0,0.0,0,0.000,0.0000,0.0000,251.00,255,17,0.9530,
65,M2,D6,medium,90,Australia/Sydney,2027-02-08,false,0.5,0.503,false,180,8,0,0,0,0,0,0,0,0,0,0,0,0.0,1.0000,0.0,0.0,1.0000,0.7183,0.2676,0.0141,4,15115.0,10,20.149,0.0090,0.0000,4.12,0,0,1.0000,
65,M4,D6,medium,90,Australia/Sydney,2027-02-08,false,0.5,0.503,false,180,8,0,0,0,0,0,0,0,0,0,0,0,0.0,1.0000,0.0,0.0,1.0000,0.9577,0.0423,0.0000,4,1800.0,3,3.163,0.0090,0.0000,4.00,0,0,1.0000,
66,M2,D1,light,35,Australia/Melbourne,2026-09-21,true,0.7,0.696,true,120,8,0,0,0,0,0,0,0,0,0,0,0,0.0,1.0000,0.0,0.0,1.0000,0.9048,0.0952,0.0000,1,2545.0,2,3.073,0.0645,0.0000,4.40,0,0,1.0000,
66,M4,D1,light,35,Australia/Melbourne,2026-09-21,true,0.7,0.696,true,120,8,0,0,0,0,0,0,0,0,0,0,0,0.0,1.0000,0.0,0.0,1.0000,1.0000,0.0000,0.0000,1,0.0,0,0.923,0.0645,0.0000,2.63,0,0,1.0000,
67,M2,D2,medium,70,America/Los_Angeles,2026-11-16,false,0.85,0.850,true,240,20,0,0,0,0,0,0,0,0,0,0,0,0.0,1.0000,0.0,0.0,1.0000,0.9577,0.0423,0.0000,0,90.0,0,0.715,0.0640,0.0000,4.42,0,0,1.0000,
67,M4,D2,medium,70,America/Los_Angeles,2026-11-16,false,0.85,0.850,true,240,20,0,0,0,0,0,0,0,0,0,0,0,0.0,1.0000,0.0,0.0,1.0000,0.9859,0.0141,0.0000,1,30.0,0,0.885,0.0640,0.0000,2.30,0,0,1.0000,
68,M2,D3,light,0,Australia/Brisbane,2026-09-21,false,0.95,0.952,false,180,20,0,0,0,0,0,0,0,0,0,0,0,0.0,0.9936,45.0,45.0,0.9500,1.0000,0.0000,0.0000,0,0.0,0,0.000,0.0000,0.0000,4.41,0,0,1.0000,
68,M4,D3,light,0,Australia/Brisbane,2026-09-21,false,0.95,0.952,false,180,20,0,0,0,0,0,0,0,0,0,0,0,0.0,1.0000,0.0,0.0,1.0000,0.8060,0.1940,0.0000,10,3860.0,3,3.030,0.0000,0.0000,23.60,0,0,1.0000,
69,M2,D4,heavy,195,Pacific/Auckland,2027-02-08,false,1.1,1.103,true,120,20,0,0,0,0,0,0,0,0,0,0,0,0.0,0.8983,505.0,335.0,0.8500,0.8148,0.1852,0.0000,0,430.0,0,1.774,0.0000,0.0000,3.98,330,10,0.9335,
69,M4,D4,heavy,195,Pacific/Auckland,2027-02-08,false,1.1,1.103,true,120,20,0,0,0,0,0,0,0,0,0,0,0,0.0,0.8983,505.0,335.0,0.8500,0.9074,0.0926,0.0000,2,370.0,0,2.073,0.0000,0.0000,4.02,330,10,0.9335,
70,M2,D5,medium,150,Australia/Lord_Howe,2026-09-21,true,0.5,0.500,false,240,9,0,0,0,0,0,0,0,0,0,0,0,0.0,1.0000,0.0,0.0,1.0000,0.8056,0.1528,0.0417,5,1515.0,0,10.703,0.0000,0.0000,4.01,0,0,1.0000,
70,M4,D5,medium,150,Australia/Lord_Howe,2026-09-21,true,0.5,0.500,false,240,9,0,0,0,0,0,0,0,0,0,0,0,0.0,1.0000,0.0,0.0,1.0000,1.0000,0.0000,0.0000,6,0.0,0,4.826,0.0000,0.0000,2.29,0,0,1.0000,
71,M2,D6,heavy,1270,Australia/Lord_Howe,2027-03-15,true,0.7,0.701,false,240,19,0,0,0,0,0,0,0,0,0,0,0,0.0,1.0000,0.0,0.0,1.0000,0.2209,0.7791,0.0000,0,77140.0,50,44.375,0.0256,0.0000,3.36,0,0,1.0000,
71,M4,D6,heavy,1270,Australia/Lord_Howe,2027-03-15,true,0.7,0.701,false,240,19,0,0,0,0,0,0,0,0,0,0,0,0.0,0.9930,30.0,10.0,0.8947,0.6628,0.3140,0.0233,6,51690.0,18,26.343,0.0256,0.0000,2.42,0,0,1.0000,
72,M2,D1,light,30,Australia/Melbourne,2026-09-21,true,0.85,0.857,false,90,6,0,0,0,0,0,0,0,0,0,0,0,0.0,1.0000,0.0,0.0,1.0000,1.0000,0.0000,0.0000,0,0.0,0,0.000,0.0000,0.0000,3.56,0,0,1.0000,
72,M4,D1,light,30,Australia/Melbourne,2026-09-21,true,0.85,0.857,false,90,6,0,0,0,0,0,0,0,0,0,0,0,0.0,1.0000,0.0,0.0,1.0000,1.0000,0.0000,0.0000,0,0.0,0,0.000,0.0000,0.0000,2.10,0,0,1.0000,
73,M2,D2,light,0,Australia/Lord_Howe,2027-05-10,false,0.95,0.957,true,150,20,0,0,0,0,0,0,0,0,0,0,0,0.0,1.0000,0.0,0.0,1.0000,1.0000,0.0000,0.0000,0,0.0,0,0.000,0.0000,0.0000,3.87,0,0,1.0000,
73,M4,D2,light,0,Australia/Lord_Howe,2027-05-10,false,0.95,0.957,true,150,20,0,0,0,0,0,0,0,0,0,0,0,0.0,1.0000,0.0,0.0,1.0000,1.0000,0.0000,0.0000,0,0.0,0,0.000,0.0000,0.0000,1.87,0,0,1.0000,
74,M2,D3,medium,70,Australia/Melbourne,2027-05-10,false,1.1,1.100,false,150,20,0,0,0,0,0,0,0,0,0,0,0,0.0,0.9000,555.0,260.0,0.8235,0.9753,0.0000,0.0247,0,0.0,0,7.619,0.0000,0.0000,4.71,240,4,0.9135,
74,M4,D3,medium,70,Australia/Melbourne,2027-05-10,false,1.1,1.100,false,150,20,0,0,0,0,0,0,0,0,0,0,0,0.0,0.9135,480.0,240.0,0.8235,0.9136,0.0617,0.0247,2,19085.0,3,10.258,0.0000,0.0000,15.86,240,4,0.9135,
75,M2,D4,light,0,Australia/Melbourne,2026-10-19,false,0.5,0.500,false,120,6,0,0,0,0,0,0,0,0,0,0,0,0.0,1.0000,0.0,0.0,1.0000,1.0000,0.0000,0.0000,0,0.0,0,0.000,0.0508,0.0000,4.39,0,0,1.0000,
75,M4,D4,light,0,Australia/Melbourne,2026-10-19,false,0.5,0.500,false,120,6,0,0,0,0,0,0,0,0,0,0,0,0.0,1.0000,0.0,0.0,1.0000,1.0000,0.0000,0.0000,0,0.0,0,0.000,0.0508,0.0000,2.39,0,0,1.0000,
76,M2,D5,heavy,210,Australia/Perth,2027-05-10,false,0.7,0.704,false,150,14,0,0,0,0,0,0,0,0,0,0,0,0.0,1.0000,0.0,0.0,1.0000,0.5484,0.4194,0.0323,5,21545.0,11,20.946,0.0098,0.0000,3.84,0,0,1.0000,
76,M4,D5,heavy,210,Australia/Perth,2027-05-10,false,0.7,0.704,false,150,14,0,0,0,0,0,0,0,0,0,0,0,0.0,1.0000,0.0,0.0,1.0000,1.0000,0.0000,0.0000,4,0.0,0,0.772,0.0098,0.0000,2.23,0,0,1.0000,
77,M2,D6,light,40,Australia/Brisbane,2026-10-19,false,0.85,0.855,false,210,20,0,0,0,0,0,0,0,0,0,0,0,0.0,1.0000,0.0,0.0,1.0000,0.6452,0.3065,0.0484,2,7710.0,2,12.528,0.0000,0.0000,4.72,0,0,1.0000,
77,M4,D6,light,40,Australia/Brisbane,2026-10-19,false,0.85,0.855,false,210,20,0,0,0,0,0,0,0,0,0,0,0,0.0,1.0000,0.0,0.0,1.0000,0.9839,0.0161,0.0000,1,185.0,0,0.581,0.0000,0.0000,2.12,0,0,1.0000,
78,M2,D1,light,45,Australia/Adelaide,2026-11-02,false,0.95,0.950,false,150,20,0,0,0,0,0,0,0,0,0,0,0,0.0,1.0000,0.0,0.0,1.0000,0.3279,0.6393,0.0328,4,23610.0,13,16.570,0.0646,0.0000,4.41,0,0,1.0000,
78,M4,D1,light,45,Australia/Adelaide,2026-11-02,false,0.95,0.950,false,150,20,0,0,0,0,0,0,0,0,0,0,0,0.0,1.0000,0.0,0.0,1.0000,0.9508,0.0492,0.0000,1,19350.0,3,2.593,0.0646,0.0000,87.80,0,0,1.0000,
79,M2,D2,light,0,Australia/Sydney,2027-02-08,false,1.1,1.104,false,150,20,0,0,0,0,0,0,0,0,0,0,0,0.0,1.0000,0.0,0.0,1.0000,1.0000,0.0000,0.0000,0,0.0,0,0.000,0.0000,0.0000,3.87,0,0,1.0000,
79,M4,D2,light,0,Australia/Sydney,2027-02-08,false,1.1,1.104,false,150,20,0,0,0,0,0,0,0,0,0,0,0,0.0,1.0000,0.0,0.0,1.0000,1.0000,0.0000,0.0000,0,0.0,0,0.000,0.0000,0.0000,1.73,0,0,1.0000,
80,M2,D3,heavy,235,Australia/Lord_Howe,2027-02-08,false,0.5,0.504,false,240,8,0,0,0,0,0,0,0,0,0,0,0,0.0,1.0000,0.0,0.0,1.0000,0.8000,0.2000,0.0000,0,16350.0,12,22.892,0.0582,0.0000,3.75,0,0,1.0000,
80,M4,D3,heavy,235,Australia/Lord_Howe,2027-02-08,false,0.5,0.504,false,240,8,0,0,0,0,0,0,0,0,0,0,0,0.0,1.0000,0.0,0.0,1.0000,0.9167,0.0833,0.0000,2,8120.0,5,14.415,0.0582,0.0000,2.34,0,0,1.0000,
81,M2,D4,light,0,Pacific/Auckland,2026-11-02,false,0.7,0.702,true,210,17,0,0,0,0,0,0,0,0,0,0,0,0.0,0.9551,180.0,60.0,0.9412,0.9565,0.0217,0.0217,0,55.0,0,4.225,0.0306,0.0000,3.69,0,0,1.0000,
81,M4,D4,light,0,Pacific/Auckland,2026-11-02,false,0.7,0.702,true,210,17,0,0,0,0,0,0,0,0,0,0,0,0.0,1.0000,0.0,0.0,1.0000,1.0000,0.0000,0.0000,0,0.0,0,0.000,0.0196,0.0000,2.21,0,0,1.0000,
82,M2,D5,heavy,240,Australia/Lord_Howe,2026-11-16,false,0.85,0.851,false,90,7,0,0,0,0,0,0,0,0,0,0,0,0.0,1.0000,0.0,0.0,1.0000,0.6667,0.2708,0.0625,8,13995.0,9,17.505,0.0166,0.0000,2.86,0,0,1.0000,
82,M4,D5,heavy,240,Australia/Lord_Howe,2026-11-16,false,0.85,0.851,false,90,7,0,0,0,0,0,0,0,0,0,0,0,0.0,1.0000,0.0,0.0,1.0000,0.9375,0.0625,0.0000,8,5325.0,3,5.244,0.0000,0.0000,3.32,0,0,1.0000,
83,M2,D6,medium,60,Australia/Darwin,2027-03-15,false,0.95,0.946,false,120,12,0,0,0,0,0,0,0,0,0,0,0,0.0,1.0000,0.0,0.0,1.0000,0.4545,0.5455,0.0000,6,17315.0,11,13.498,0.0395,0.0000,3.41,0,0,1.0000,
83,M4,D6,medium,60,Australia/Darwin,2027-03-15,false,0.95,0.946,false,120,12,0,0,0,0,0,0,0,0,0,0,0,0.0,1.0000,0.0,0.0,1.0000,0.9318,0.0682,0.0000,2,24720.0,3,3.861,0.0395,0.0000,15.71,0,0,1.0000,
84,M2,D1,light,40,Australia/Perth,2027-05-10,false,1.1,1.101,false,180,20,0,0,0,0,0,0,0,0,0,0,0,0.0,1.0000,0.0,0.0,1.0000,0.5529,0.4000,0.0471,3,27505.0,9,11.116,0.0536,0.0000,3.96,0,0,1.0000,
84,M4,D1,light,40,Australia/Perth,2027-05-10,false,1.1,1.101,false,180,20,0,0,0,0,0,0,0,0,0,0,0,0.0,0.9970,20.0,20.0,0.9474,0.9647,0.0353,0.0000,1,25125.0,3,3.838,0.0536,0.0000,23.44,0,0,1.0000,
85,M2,D2,light,0,Australia/Perth,2027-02-08,false,0.5,0.500,true,240,7,0,0,0,0,0,0,0,0,0,0,0,0.0,1.0000,0.0,0.0,1.0000,1.0000,0.0000,0.0000,0,0.0,0,0.000,0.0000,0.0000,3.39,0,0,1.0000,
85,M4,D2,light,0,Australia/Perth,2027-02-08,false,0.5,0.500,true,240,7,0,0,0,0,0,0,0,0,0,0,0,0.0,1.0000,0.0,0.0,1.0000,1.0000,0.0000,0.0000,0,0.0,0,0.000,0.0000,0.0000,1.94,0,0,1.0000,
86,M2,D3,medium,180,Australia/Sydney,2027-02-08,false,0.7,0.696,false,180,15,0,0,0,0,0,0,0,0,0,0,0,0.0,1.0000,0.0,0.0,1.0000,0.4324,0.5405,0.0270,0,29725.0,20,25.410,0.0000,0.0000,3.35,0,0,1.0000,
86,M4,D3,medium,180,Australia/Sydney,2027-02-08,false,0.7,0.696,false,180,15,0,0,0,0,0,0,0,0,0,0,0,0.0,1.0000,0.0,0.0,1.0000,0.8919,0.1081,0.0000,2,28540.0,4,10.783,0.0000,0.0000,2.01,0,0,1.0000,
87,M2,D4,medium,110,Australia/Sydney,2026-11-16,false,0.85,0.849,false,210,20,0,0,0,0,0,0,0,0,0,0,0,0.0,1.0000,0.0,0.0,1.0000,0.9444,0.0556,0.0000,0,550.0,0,1.186,0.0019,0.0000,3.36,0,0,1.0000,
87,M4,D4,medium,110,Australia/Sydney,2026-11-16,false,0.85,0.849,false,210,20,0,0,0,0,0,0,0,0,0,0,0,0.0,1.0000,0.0,0.0,1.0000,0.9630,0.0370,0.0000,0,175.0,0,0.578,0.0019,0.0000,1.81,0,0,1.0000,
88,M2,D5,medium,120,Pacific/Auckland,2026-11-02,false,0.95,0.946,false,90,13,0,0,0,0,0,0,0,0,0,0,0,0.0,1.0000,0.0,0.0,1.0000,0.2821,0.6410,0.0769,6,53385.0,21,12.570,0.0931,0.0000,3.38,0,0,1.0000,
88,M4,D5,medium,120,Pacific/Auckland,2026-11-02,false,0.95,0.946,false,90,13,0,0,0,0,0,0,0,0,0,0,0,0.0,1.0000,0.0,0.0,1.0000,0.8718,0.1282,0.0000,4,34440.0,5,2.434,0.0931,0.0000,10.97,0,0,1.0000,
89,M2,D6,heavy,280,Europe/London,2026-10-19,true,1.1,1.098,true,240,21,0,0,0,0,0,0,0,0,0,0,0,0.0,0.9939,60.0,20.0,0.9524,0.1043,0.8348,0.0609,11,158115.0,75,43.914,0.0998,0.1429,5.39,0,0,1.0000,
89,M4,D6,heavy,280,Europe/London,2026-10-19,true,1.1,1.098,true,240,21,0,0,0,0,0,0,0,0,0,0,0,0.0,1.0000,0.0,0.0,1.0000,0.4957,0.4696,0.0348,19,127705.0,51,38.148,0.0998,0.1429,371.82,0,0,1.0000,
90,M2,D1,light,15,Australia/Sydney,2026-09-21,true,0.5,0.497,true,180,6,0,0,0,0,0,0,0,0,0,0,0,0.0,1.0000,0.0,0.0,1.0000,0.8654,0.1346,0.0000,0,1665.0,1,2.844,0.0000,0.0000,4.62,0,0,1.0000,
90,M4,D1,light,15,Australia/Sydney,2026-09-21,true,0.5,0.497,true,180,6,0,0,0,0,0,0,0,0,0,0,0,0.0,1.0000,0.0,0.0,1.0000,1.0000,0.0000,0.0000,1,0.0,0,0.364,0.0000,0.0000,2.49,0,0,1.0000,
91,M2,D2,medium,110,Australia/Darwin,2026-10-19,false,0.7,0.702,true,210,17,0,0,0,0,0,0,0,0,0,0,0,0.0,1.0000,0.0,0.0,1.0000,0.4792,0.5000,0.0208,3,14765.0,10,18.863,0.0000,0.0000,4.61,0,0,1.0000,
91,M4,D2,medium,110,Australia/Darwin,2026-10-19,false,0.7,0.702,true,210,17,0,0,0,0,0,0,0,0,0,0,0,0.0,1.0000,0.0,0.0,1.0000,0.9167,0.0833,0.0000,2,18405.0,4,5.207,0.0000,0.0000,3.66,0,0,1.0000,
92,M2,D3,light,35,Australia/Perth,2027-05-10,false,0.85,0.851,false,180,20,0,0,0,0,0,0,0,0,0,0,0,0.0,1.0000,0.0,0.0,1.0000,0.3167,0.6000,0.0833,5,15460.0,11,21.241,0.0000,0.0000,4.66,0,0,1.0000,
92,M4,D3,light,35,Australia/Perth,2027-05-10,false,0.85,0.851,false,180,20,0,0,0,0,0,0,0,0,0,0,0,0.0,1.0000,0.0,0.0,1.0000,0.9167,0.0833,0.0000,1,18880.0,4,6.930,0.0000,0.0000,20.88,0,0,1.0000,
93,M2,D4,heavy,255,Australia/Melbourne,2026-11-16,false,0.95,0.949,true,210,20,0,0,0,0,0,0,0,0,0,0,0,0.0,1.0000,0.0,0.0,1.0000,0.8919,0.1081,0.0000,0,960.0,0,4.227,0.0511,0.0000,4.77,0,0,1.0000,
93,M4,D4,heavy,255,Australia/Melbourne,2026-11-16,false,0.95,0.949,true,210,20,0,0,0,0,0,0,0,0,0,0,0,0.0,1.0000,0.0,0.0,1.0000,0.9324,0.0676,0.0000,2,935.0,0,4.083,0.0511,0.0000,2.64,0,0,1.0000,
94,M2,D5,heavy,240,Australia/Melbourne,2026-10-19,false,1.1,1.097,true,210,21,0,0,0,0,0,0,0,0,0,0,0,0.0,0.9877,115.0,85.0,0.8571,0.2927,0.5976,0.1098,9,67130.0,31,23.554,0.0000,0.0000,4.33,15,8,0.9984,
94,M4,D5,heavy,240,Australia/Melbourne,2026-10-19,false,1.1,1.097,true,210,21,0,0,0,0,0,0,0,0,0,0,0,0.0,0.9963,35.0,35.0,0.9524,0.6220,0.3293,0.0488,17,64335.0,27,13.629,0.0000,0.0000,403.54,15,8,0.9984,
95,M2,D6,medium,90,Australia/Hobart,2026-11-02,false,0.5,0.503,true,210,7,0,0,0,0,0,0,0,0,0,0,0,0.0,1.0000,0.0,0.0,1.0000,0.9730,0.0270,0.0000,1,900.0,1,2.227,0.0689,0.0000,4.36,0,0,1.0000,
95,M4,D6,medium,90,Australia/Hobart,2026-11-02,false,0.5,0.503,true,210,7,0,0,0,0,0,0,0,0,0,0,0,0.0,1.0000,0.0,0.0,1.0000,0.9730,0.0270,0.0000,0,45.0,0,0.462,0.0689,0.0000,2.26,0,0,1.0000,
96,M2,D1,medium,65,Australia/Sydney,2026-09-21,true,0.7,0.702,false,210,18,0,0,0,0,0,0,0,0,0,0,0,0.0,1.0000,0.0,0.0,1.0000,0.4590,0.4754,0.0656,6,13400.0,9,18.182,0.0262,0.0000,4.05,0,0,1.0000,
96,M4,D1,medium,65,Australia/Sydney,2026-09-21,true,0.7,0.702,false,210,18,0,0,0,0,0,0,0,0,0,0,0,0.0,1.0000,0.0,0.0,1.0000,0.9672,0.0328,0.0000,2,5885.0,2,0.972,0.0262,0.0000,7.49,0,0,1.0000,
97,M2,D2,light,0,Australia/Adelaide,2026-10-19,false,0.85,0.857,false,150,14,0,0,0,0,0,0,0,0,0,0,0,0.0,1.0000,0.0,0.0,1.0000,0.7606,0.2394,0.0000,1,11525.0,4,10.757,0.0305,0.0000,4.60,0,0,1.0000,
97,M4,D2,light,0,Australia/Adelaide,2026-10-19,false,0.85,0.857,false,150,14,0,0,0,0,0,0,0,0,0,0,0,0.0,1.0000,0.0,0.0,1.0000,1.0000,0.0000,0.0000,0,0.0,0,0.000,0.0305,0.0000,2.26,0,0,1.0000,
98,M2,D3,medium,180,Australia/Adelaide,2027-03-15,true,0.95,0.946,false,180,20,0,0,0,0,0,0,0,0,0,0,0,0.0,1.0000,0.0,0.0,1.0000,0.2500,0.7045,0.0455,2,99365.0,55,47.781,0.0459,0.0000,4.37,0,0,1.0000,
98,M4,D3,medium,180,Australia/Adelaide,2027-03-15,true,0.95,0.946,false,180,20,0,0,0,0,0,0,0,0,0,0,0,0.0,1.0000,0.0,0.0,1.0000,0.8409,0.1591,0.0000,5,102505.0,14,19.208,0.0459,0.0000,175.05,0,0,1.0000,
99,M2,D4,heavy,235,Australia/Melbourne,2026-11-16,false,1.1,1.098,false,120,17,0,0,0,0,0,0,0,0,0,0,0,0.0,1.0000,0.0,0.0,1.0000,0.8056,0.1944,0.0000,1,315.0,0,1.413,0.0162,0.0000,3.75,0,0,1.0000,
99,M4,D4,heavy,235,Australia/Melbourne,2026-11-16,false,1.1,1.098,false,120,17,0,0,0,0,0,0,0,0,0,0,0,0.0,1.0000,0.0,0.0,1.0000,0.8889,0.1111,0.0000,0,310.0,0,0.437,0.0162,0.0000,2.20,0,0,1.0000,
100,M2,D5,medium,150,Australia/Melbourne,2026-11-16,false,0.5,0.500,true,180,7,0,0,0,0,0,0,0,0,0,0,0,0.0,1.0000,0.0,0.0,1.0000,1.0000,0.0000,0.0000,3,0.0,0,2.528,0.0499,0.0000,3.67,0,0,1.0000,
100,M4,D5,medium,150,Australia/Melbourne,2026-11-16,false,0.5,0.500,true,180,7,0,0,0,0,0,0,0,0,0,0,0,0.0,1.0000,0.0,0.0,1.0000,1.0000,0.0000,0.0000,3,0.0,0,2.892,0.0499,0.0000,2.15,0,0,1.0000,
101,M2,D6,light,0,Australia/Sydney,2026-11-16,false,0.7,0.839,false,90,6,0,0,0,0,0,0,0,0,0,0,0,0.0,1.0000,0.0,0.0,1.0000,1.0000,0.0000,0.0000,0,0.0,0,0.000,0.0079,0.0000,3.78,0,0,1.0000,
101,M4,D6,light,0,Australia/Sydney,2026-11-16,false,0.7,0.839,false,90,6,0,0,0,0,0,0,0,0,0,0,0,0.0,1.0000,0.0,0.0,1.0000,1.0000,0.0000,0.0000,0,0.0,0,0.000,0.0079,0.0000,2.12,0,0,1.0000,
102,M2,D1,light,45,Australia/Darwin,2027-02-08,false,0.85,0.839,true,120,12,0,0,0,0,0,0,0,0,0,0,0,0.0,1.0000,0.0,0.0,1.0000,1.0000,0.0000,0.0000,1,0.0,0,1.000,0.0022,0.0000,4.00,0,0,1.0000,
102,M4,D1,light,45,Australia/Darwin,2027-02-08,false,0.85,0.839,true,120,12,0,0,0,0,0,0,0,0,0,0,0,0.0,1.0000,0.0,0.0,1.0000,1.0000,0.0000,0.0000,1,0.0,0,1.000,0.0022,0.0000,2.16,0,0,1.0000,
103,M2,D2,light,0,Australia/Brisbane,2026-10-12,false,0.95,0.950,false,150,17,0,0,0,0,0,0,0,0,0,0,0,0.0,1.0000,0.0,0.0,1.0000,1.0000,0.0000,0.0000,0,0.0,0,0.000,0.1024,0.0000,3.72,0,0,1.0000,
103,M4,D2,light,0,Australia/Brisbane,2026-10-12,false,0.95,0.950,false,150,17,0,0,0,0,0,0,0,0,0,0,0,0.0,1.0000,0.0,0.0,1.0000,1.0000,0.0000,0.0000,0,0.0,0,0.000,0.1024,0.0000,2.06,0,0,1.0000,
104,M2,D3,light,15,America/Los_Angeles,2027-02-08,false,1.1,1.095,false,180,20,0,0,0,0,0,0,0,0,0,0,0,0.0,0.9943,30.0,15.0,0.9333,0.7083,0.2708,0.0208,0,6225.0,1,6.345,0.0390,0.0000,4.64,15,1,0.9943,
104,M4,D3,light,15,America/Los_Angeles,2027-02-08,false,1.1,1.095,false,180,20,0,0,0,0,0,0,0,0,0,0,0,0.0,0.9943,30.0,15.0,0.9333,0.9896,0.0000,0.0104,0,0.0,0,3.905,0.0390,0.0000,3.70,15,1,0.9943,
105,M2,D4,light,0,Australia/Sydney,2027-05-10,false,0.5,0.496,false,120,6,0,0,0,0,0,0,0,0,0,0,0,0.0,1.0000,0.0,0.0,1.0000,1.0000,0.0000,0.0000,0,0.0,0,0.000,0.0342,0.0000,3.65,0,0,1.0000,
105,M4,D4,light,0,Australia/Sydney,2027-05-10,false,0.5,0.496,false,120,6,0,0,0,0,0,0,0,0,0,0,0,0.0,1.0000,0.0,0.0,1.0000,1.0000,0.0000,0.0000,0,0.0,0,0.000,0.0342,0.0000,2.28,0,0,1.0000,
106,M2,D5,heavy,210,Australia/Melbourne,2026-10-12,false,0.7,0.699,false,240,20,0,0,0,0,0,0,0,0,0,0,0,0.0,1.0000,0.0,0.0,1.0000,0.3433,0.5672,0.0896,7,50505.0,32,35.558,0.0155,0.0000,3.61,0,0,1.0000,
106,M4,D5,heavy,210,Australia/Melbourne,2026-10-12,false,0.7,0.699,false,240,20,0,0,0,0,0,0,0,0,0,0,0,0.0,1.0000,0.0,0.0,1.0000,0.9254,0.0746,0.0000,6,53325.0,5,9.226,0.0000,0.0000,26.89,0,0,1.0000,
107,M2,D6,medium,60,America/Los_Angeles,2027-02-08,false,0.85,0.851,false,90,11,0,0,0,0,0,0,0,0,0,0,0,0.0,1.0000,0.0,0.0,1.0000,0.4706,0.4412,0.0882,5,10000.0,7,14.184,0.0792,0.0000,2.79,0,0,1.0000,
107,M4,D6,medium,60,America/Los_Angeles,2027-02-08,false,0.85,0.851,false,90,11,0,0,0,0,0,0,0,0,0,0,0,0.0,1.0000,0.0,0.0,1.0000,0.9412,0.0588,0.0000,3,14355.0,2,3.853,0.0365,0.0000,1.99,0,0,1.0000,
108,M2,D1,light,15,Australia/Brisbane,2027-02-08,false,0.95,0.957,false,150,20,0,0,0,0,0,0,0,0,0,0,0,0.0,1.0000,0.0,0.0,1.0000,0.4063,0.5729,0.0208,3,2135.0,1,3.391,0.0000,0.0000,3.94,0,0,1.0000,
108,M4,D1,light,15,Australia/Brisbane,2027-02-08,false,0.95,0.957,false,150,20,0,0,0,0,0,0,0,0,0,0,0,0.0,1.0000,0.0,0.0,1.0000,0.9792,0.0208,0.0000,1,13135.0,2,0.831,0.0000,0.0000,219.49,0,0,1.0000,
109,M2,D2,medium,100,America/Los_Angeles,2027-02-08,false,1.1,1.097,true,210,20,0,0,0,0,0,0,0,0,0,0,0,0.0,0.9150,700.0,280.0,0.8500,0.7595,0.2278,0.0127,1,11600.0,5,13.515,0.0000,0.0000,4.47,230,7,0.9721,
109,M4,D2,medium,100,America/Los_Angeles,2027-02-08,false,1.1,1.097,true,210,20,0,0,0,0,0,0,0,0,0,0,0,0.0,0.9016,810.0,300.0,0.8500,0.9747,0.0253,0.0000,0,180.0,0,1.365,0.0000,0.0000,3.67,230,7,0.9721,
110,M2,D3,light,0,Australia/Sydney,2027-05-10,false,0.5,0.500,true,240,8,0,0,0,0,0,0,0,0,0,0,0,0.0,1.0000,0.0,0.0,1.0000,1.0000,0.0000,0.0000,0,0.0,0,0.000,0.0270,0.0000,3.15,0,0,1.0000,
110,M4,D3,light,0,Australia/Sydney,2027-05-10,false,0.5,0.500,true,240,8,0,0,0,0,0,0,0,0,0,0,0,0.0,1.0000,0.0,0.0,1.0000,1.0000,0.0000,0.0000,0,0.0,0,0.000,0.0270,0.0000,1.82,0,0,1.0000,
111,M2,D4,light,50,America/Los_Angeles,2026-10-12,true,0.7,0.705,false,120,10,0,0,0,0,0,0,0,0,0,0,0,0.0,1.0000,0.0,0.0,1.0000,0.5952,0.4048,0.0000,1,3550.0,2,5.401,0.0044,0.0000,5.09,0,0,1.0000,
111,M4,D4,light,50,America/Los_Angeles,2026-10-12,true,0.7,0.705,false,120,10,0,0,0,0,0,0,0,0,0,0,0,0.0,1.0000,0.0,0.0,1.0000,0.9524,0.0476,0.0000,0,120.0,0,0.134,0.0044,0.0000,2.54,0,0,1.0000,
112,M2,D5,medium,180,Australia/Hobart,2026-11-16,false,0.85,0.848,true,120,11,0,0,0,0,0,0,0,0,0,0,0,0.0,1.0000,0.0,0.0,1.0000,0.6512,0.3023,0.0465,7,17335.0,9,14.555,0.0296,0.0000,3.41,0,0,1.0000,
112,M4,D5,medium,180,Australia/Hobart,2026-11-16,false,0.85,0.848,true,120,11,0,0,0,0,0,0,0,0,0,0,0,0.0,1.0000,0.0,0.0,1.0000,0.9302,0.0698,0.0000,6,3255.0,3,2.746,0.0296,0.0000,3.37,0,0,1.0000,
113,M2,D6,medium,165,Australia/Lord_Howe,2026-11-16,false,0.95,0.961,false,180,20,0,0,0,0,0,0,0,0,0,0,0,0.0,0.9819,105.0,90.0,0.8947,0.4156,0.5455,0.0390,0,30800.0,19,24.842,0.0000,0.0000,3.84,90,5,0.9845,
113,M4,D6,medium,165,Australia/Lord_Howe,2026-11-16,false,0.95,0.961,false,180,20,0,0,0,0,0,0,0,0,0,0,0,0.0,0.9819,105.0,105.0,0.9474,0.7922,0.1818,0.0260,3,25950.0,13,18.223,0.0000,0.0000,336.40,90,5,0.9845,
114,M2,D1,light,30,Australia/Perth,2027-02-08,false,1.1,1.098,false,120,17,0,0,0,0,0,0,0,0,0,0,0,0.0,1.0000,0.0,0.0,1.0000,0.8254,0.1746,0.0000,2,5670.0,3,3.866,0.0890,0.0000,3.18,0,0,1.0000,
114,M4,D1,light,30,Australia/Perth,2027-02-08,false,1.1,1.098,false,120,17,0,0,0,0,0,0,0,0,0,0,0,0.0,1.0000,0.0,0.0,1.0000,0.9683,0.0317,0.0000,2,24820.0,2,2.413,0.0890,0.0000,9.22,0,0,1.0000,
115,M2,D2,light,0,Australia/Melbourne,2027-05-10,false,0.5,0.504,false,150,6,0,0,0,0,0,0,0,0,0,0,0,0.0,1.0000,0.0,0.0,1.0000,1.0000,0.0000,0.0000,0,0.0,0,0.000,0.0137,0.0000,4.10,0,0,1.0000,
115,M4,D2,light,0,Australia/Melbourne,2027-05-10,false,0.5,0.504,false,150,6,0,0,0,0,0,0,0,0,0,0,0,0.0,1.0000,0.0,0.0,1.0000,1.0000,0.0000,0.0000,0,0.0,0,0.000,0.0137,0.0000,2.27,0,0,1.0000,
116,M2,D3,heavy,210,America/Los_Angeles,2026-11-02,false,0.7,0.702,false,210,17,0,0,0,0,0,0,0,0,0,0,0,0.0,1.0000,0.0,0.0,1.0000,0.2593,0.6852,0.0556,3,54480.0,36,30.994,0.0304,0.0000,3.61,0,0,1.0000,
116,M4,D3,heavy,210,America/Los_Angeles,2026-11-02,false,0.7,0.702,false,210,17,0,0,0,0,0,0,0,0,0,0,0,0.0,1.0000,0.0,0.0,1.0000,0.8519,0.1481,0.0000,1,53125.0,8,11.742,0.0304,0.0000,17.12,0,0,1.0000,
117,M2,D4,light,0,Australia/Melbourne,2027-05-10,false,0.85,0.857,false,90,10,0,0,0,0,0,0,0,0,0,0,0,0.0,0.9437,130.0,65.0,0.8889,0.6410,0.3333,0.0256,3,2800.0,1,1.985,0.0000,0.0000,3.39,10,3,0.9913,
117,M4,D4,light,0,Australia/Melbourne,2027-05-10,false,0.85,0.857,false,90,10,0,0,0,0,0,0,0,0,0,0,0,0.0,0.9784,50.0,25.0,0.8889,0.8462,0.1538,0.0000,2,20920.0,5,4.811,0.0000,0.0000,5.23,10,3,0.9913,
118,M2,D5,medium,60,Australia/Sydney,2026-10-12,false,0.95,0.946,true,90,13,0,0,0,0,0,0,0,0,0,0,0,0.0,0.9763,65.0,65.0,0.9231,0.4773,0.4545,0.0682,4,20040.0,11,13.218,0.0000,0.0000,3.06,0,0,1.0000,
118,M4,D5,medium,60,Australia/Sydney,2026-10-12,false,0.95,0.946,true,90,13,0,0,0,0,0,0,0,0,0,0,0,0.0,0.9909,25.0,25.0,0.9231,0.8864,0.1136,0.0000,2,30855.0,5,2.433,0.0000,0.0000,151.04,0,0,1.0000,
119,M2,D6,medium,125,Pacific/Auckland,2026-11-02,false,1.1,1.095,false,90,9,0,0,0,0,0,0,0,0,0,0,0,0.0,1.0000,0.0,0.0,1.0000,0.6591,0.3182,0.0227,3,10430.0,5,9.693,0.1643,0.0000,3.49,0,0,1.0000,
119,M4,D6,medium,125,Pacific/Auckland,2026-11-02,false,1.1,1.095,false,90,9,0,0,0,0,0,0,0,0,0,0,0,0.0,1.0000,0.0,0.0,1.0000,0.9545,0.0455,0.0000,1,13895.0,1,2.350,0.1507,0.0000,2.09,0,0,1.0000,
120,M2,D1,light,30,America/Los_Angeles,2027-03-15,false,0.5,0.625,false,120,6,0,0,0,0,0,0,0,0,0,0,0,0.0,1.0000,0.0,0.0,1.0000,1.0000,0.0000,0.0000,1,0.0,0,0.980,0.0505,0.0000,2.60,0,0,1.0000,
120,M4,D1,light,30,America/Los_Angeles,2027-03-15,false,0.5,0.625,false,120,6,0,0,0,0,0,0,0,0,0,0,0,0.0,1.0000,0.0,0.0,1.0000,1.0000,0.0000,0.0000,1,0.0,0,0.980,0.0505,0.0000,1.79,0,0,1.0000,
121,M2,D2,medium,155,Australia/Sydney,2027-02-08,false,0.7,0.701,false,240,19,0,0,0,0,0,0,0,0,0,0,0,0.0,1.0000,0.0,0.0,1.0000,0.5500,0.3833,0.0667,2,4540.0,2,14.089,0.0353,0.0000,3.25,0,0,1.0000,
121,M4,D2,medium,155,Australia/Sydney,2027-02-08,false,0.7,0.701,false,240,19,0,0,0,0,0,0,0,0,0,0,0,0.0,1.0000,0.0,0.0,1.0000,0.9333,0.0667,0.0000,0,540.0,0,2.035,0.0353,0.0000,1.79,0,0,1.0000,
122,M2,D3,medium,90,Australia/Darwin,2027-02-08,false,0.85,0.851,true,90,8,0,0,0,0,0,0,0,0,0,0,0,0.0,1.0000,0.0,0.0,1.0000,0.3846,0.5897,0.0256,0,32855.0,23,18.125,0.0425,0.0000,3.47,0,0,1.0000,
122,M4,D3,medium,90,Australia/Darwin,2027-02-08,false,0.85,0.851,true,90,8,0,0,0,0,0,0,0,0,0,0,0,0.0,1.0000,0.0,0.0,1.0000,0.8974,0.1026,0.0000,1,37045.0,4,7.049,0.0425,0.0000,2.50,0,0,1.0000,
123,M2,D4,light,0,Pacific/Auckland,2027-03-15,true,0.95,0.964,false,90,10,0,0,0,0,0,0,0,0,0,0,0,0.0,1.0000,0.0,0.0,1.0000,0.9400,0.0600,0.0000,0,10.0,0,0.091,0.0844,0.0000,3.40,0,0,1.0000,
123,M4,D4,light,0,Pacific/Auckland,2027-03-15,true,0.95,0.964,false,90,10,0,0,0,0,0,0,0,0,0,0,0,0.0,1.0000,0.0,0.0,1.0000,1.0000,0.0000,0.0000,0,0.0,0,0.000,0.0844,0.0000,1.97,0,0,1.0000,
124,M2,D5,medium,90,Australia/Lord_Howe,2027-03-15,true,1.1,1.085,false,240,21,0,0,0,0,0,0,0,0,0,0,0,0.0,1.0000,0.0,0.0,1.0000,0.2747,0.6044,0.1209,6,61365.0,29,21.856,0.0000,0.0000,3.99,0,0,1.0000,
124,M4,D5,medium,90,Australia/Lord_Howe,2027-03-15,true,1.1,1.085,false,240,21,0,0,0,0,0,0,0,0,0,0,0,0.0,1.0000,0.0,0.0,1.0000,0.7912,0.2088,0.0000,6,19170.0,11,6.837,0.0000,0.0000,264.64,0,0,1.0000,
125,M2,D6,medium,180,Pacific/Auckland,2026-11-16,false,0.5,0.504,true,150,7,0,0,0,0,0,0,0,0,0,0,0,0.0,1.0000,0.0,0.0,1.0000,0.7917,0.1250,0.0833,4,4380.0,2,7.544,0.0000,0.0000,3.94,0,0,1.0000,
125,M4,D6,medium,180,Pacific/Auckland,2026-11-16,false,0.5,0.504,true,150,7,0,0,0,0,0,0,0,0,0,0,0,0.0,1.0000,0.0,0.0,1.0000,1.0000,0.0000,0.0000,5,0.0,0,1.855,0.0000,0.0000,2.14,0,0,1.0000,
126,M2,D1,light,15,Australia/Adelaide,2026-11-02,false,0.7,0.701,false,120,10,0,0,0,0,0,0,0,0,0,0,0,0.0,1.0000,0.0,0.0,1.0000,0.7000,0.3000,0.0000,3,3230.0,2,4.367,0.0000,0.0000,3.87,0,0,1.0000,
126,M4,D1,light,15,Australia/Adelaide,2026-11-02,false,0.7,0.701,false,120,10,0,0,0,0,0,0,0,0,0,0,0,0.0,1.0000,0.0,0.0,1.0000,1.0000,0.0000,0.0000,1,0.0,0,1.000,0.0262,0.0000,1.97,0,0,1.0000,
127,M2,D2,light,0,Australia/Melbourne,2027-05-10,false,0.85,0.847,true,210,20,0,0,0,0,0,0,0,0,0,0,0,0.0,0.9836,90.0,45.0,0.9474,0.8491,0.1321,0.0189,0,25.0,0,4.171,0.1390,0.0000,4.06,0,0,1.0000,
127,M4,D2,light,0,Australia/Melbourne,2027-05-10,false,0.85,0.847,true,210,20,0,0,0,0,0,0,0,0,0,0,0,0.0,1.0000,0.0,0.0,1.0000,1.0000,0.0000,0.0000,0,0.0,0,0.000,0.1121,0.0000,2.06,0,0,1.0000,
128,M2,D3,heavy,205,Australia/Perth,2026-10-19,false,0.95,0.946,false,210,20,0,0,0,0,0,0,0,0,0,0,0,0.0,1.0000,0.0,0.0,1.0000,0.1800,0.8000,0.0200,0,121115.0,79,50.606,0.0217,0.0000,3.96,0,0,1.0000,
128,M4,D3,heavy,205,Australia/Perth,2026-10-19,false,0.95,0.946,false,210,20,0,0,0,0,0,0,0,0,0,0,0,0.0,1.0000,0.0,0.0,1.0000,0.6100,0.3800,0.0100,9,100710.0,35,31.194,0.0217,0.0000,486.14,0,0,1.0000,
129,M2,D4,medium,90,Australia/Melbourne,2027-03-15,true,1.1,1.095,false,90,7,0,0,0,0,0,0,0,0,0,0,0,0.0,1.0000,0.0,0.0,1.0000,0.9211,0.0789,0.0000,0,510.0,0,0.727,0.0000,0.0000,3.04,0,0,1.0000,
129,M4,D4,medium,90,Australia/Melbourne,2027-03-15,true,1.1,1.095,false,90,7,0,0,0,0,0,0,0,0,0,0,0,0.0,1.0000,0.0,0.0,1.0000,0.9211,0.0789,0.0000,0,270.0,0,0.546,0.0000,0.0000,1.98,0,0,1.0000,
130,M2,D5,medium,180,Australia/Melbourne,2027-02-08,false,0.5,0.500,false,180,7,0,0,0,0,0,0,0,0,0,0,0,0.0,1.0000,0.0,0.0,1.0000,0.8667,0.0667,0.0667,4,2730.0,2,6.137,0.0082,0.0000,3.55,0,0,1.0000,
130,M4,D5,medium,180,Australia/Melbourne,2027-02-08,false,0.5,0.500,false,180,7,0,0,0,0,0,0,0,0,0,0,0,0.0,1.0000,0.0,0.0,1.0000,1.0000,0.0000,0.0000,4,0.0,0,3.772,0.0082,0.0000,2.42,0,0,1.0000,
131,M2,D6,medium,85,Australia/Melbourne,2026-10-12,false,0.7,0.700,false,150,11,0,0,0,0,0,0,0,0,0,0,0,0.0,1.0000,0.0,0.0,1.0000,0.8529,0.0882,0.0588,0,2105.0,1,4.137,0.0138,0.0000,4.04,0,0,1.0000,
131,M4,D6,medium,85,Australia/Melbourne,2026-10-12,false,0.7,0.700,false,150,11,0,0,0,0,0,0,0,0,0,0,0,0.0,1.0000,0.0,0.0,1.0000,0.9706,0.0294,0.0000,2,0.0,0,0.926,0.0138,0.0000,2.40,0,0,1.0000,
132,M2,D1,light,30,Australia/Brisbane,2027-02-08,false,0.85,0.857,false,180,20,0,0,0,0,0,0,0,0,0,0,0,0.0,1.0000,0.0,0.0,1.0000,0.4107,0.5804,0.0089,2,24995.0,14,12.645,0.0000,0.0000,4.69,0,0,1.0000,
132,M4,D1,light,30,Australia/Brisbane,2027-02-08,false,0.85,0.857,false,180,20,0,0,0,0,0,0,0,0,0,0,0,0.0,1.0000,0.0,0.0,1.0000,0.9911,0.0089,0.0000,1,10785.0,1,0.635,0.0000,0.0000,126.89,0,0,1.0000,
133,M2,D2,light,0,Australia/Hobart,2027-02-08,false,0.95,0.946,true,90,12,0,0,0,0,0,0,0,0,0,0,0,0.0,1.0000,0.0,0.0,1.0000,1.0000,0.0000,0.0000,0,0.0,0,0.000,0.0261,0.0000,4.44,0,0,1.0000,
133,M4,D2,light,0,Australia/Hobart,2027-02-08,false,0.95,0.946,true,90,12,0,0,0,0,0,0,0,0,0,0,0,0.0,1.0000,0.0,0.0,1.0000,1.0000,0.0000,0.0000,0,0.0,0,0.000,0.0261,0.0000,2.26,0,0,1.0000,
134,M2,D3,medium,160,Australia/Hobart,2027-02-08,false,1.1,1.087,false,240,20,0,0,0,0,0,0,0,0,0,0,0,0.0,0.9710,200.0,100.0,0.9333,0.3263,0.6105,0.0632,2,60520.0,36,31.470,0.0164,0.0000,4.52,35,2,0.9949,
134,M4,D3,medium,160,Australia/Hobart,2027-02-08,false,1.1,1.087,false,240,20,0,0,0,0,0,0,0,0,0,0,0,0.0,0.9935,45.0,45.0,0.9333,0.5895,0.4000,0.0105,17,51705.0,38,30.391,0.0000,0.0000,94.53,35,2,0.9949,
135,M2,D4,light,0,Australia/Sydney,2027-05-10,false,0.5,0.497,false,180,7,0,0,0,0,0,0,0,0,0,0,0,0.0,1.0000,0.0,0.0,1.0000,0.7500,0.2500,0.0000,0,3750.0,0,2.096,0.0684,0.0000,3.48,0,0,1.0000,
135,M4,D4,light,0,Australia/Sydney,2027-05-10,false,0.5,0.497,false,180,7,0,0,0,0,0,0,0,0,0,0,0,0.0,1.0000,0.0,0.0,1.0000,1.0000,0.0000,0.0000,0,0.0,0,0.000,0.0684,0.0000,2.15,0,0,1.0000,
136,M2,D5,medium,120,Australia/Brisbane,2026-11-16,false,0.7,0.704,true,150,14,0,0,0,0,0,0,0,0,0,0,0,0.0,1.0000,0.0,0.0,1.0000,0.4474,0.5000,0.0526,4,21820.0,15,17.465,0.0000,0.0000,3.61,0,0,1.0000,
136,M4,D5,medium,120,Australia/Brisbane,2026-11-16,false,0.7,0.704,true,150,14,0,0,0,0,0,0,0,0,0,0,0,0.0,1.0000,0.0,0.0,1.0000,0.9474,0.0526,0.0000,3,1865.0,2,1.162,0.0000,0.0000,3.28,0,0,1.0000,
137,M2,D6,heavy,390,Australia/Lord_Howe,2026-10-12,false,0.85,0.857,false,150,18,0,0,0,0,0,0,0,0,0,0,0,0.0,1.0000,0.0,0.0,1.0000,0.2000,0.6800,0.1200,8,120895.0,33,34.324,0.0640,0.0000,3.33,0,0,1.0000,
137,M4,D6,heavy,390,Australia/Lord_Howe,2026-10-12,false,0.85,0.857,false,150,18,0,0,0,0,0,0,0,0,0,0,0,0.0,1.0000,0.0,0.0,1.0000,0.7800,0.2200,0.0000,9,83960.0,11,13.747,0.0323,0.0000,6.24,0,0,1.0000,
138,M2,D1,light,50,Australia/Sydney,2027-05-10,false,0.95,0.949,false,240,20,0,0,0,0,0,0,0,0,0,0,0,0.0,0.9942,45.0,45.0,0.9474,0.5347,0.4356,0.0297,1,21270.0,10,14.496,0.0280,0.0000,4.52,0,0,1.0000,
138,M4,D1,light,50,Australia/Sydney,2027-05-10,false,0.95,0.949,false,240,20,0,0,0,0,0,0,0,0,0,0,0,0.0,1.0000,0.0,0.0,1.0000,0.9802,0.0198,0.0000,2,21635.0,2,1.148,0.0280,0.0000,131.20,0,0,1.0000,
139,M2,D2,medium,115,Australia/Perth,2026-10-19,false,1.1,1.099,false,210,20,0,0,0,0,0,0,0,0,0,0,0,0.0,1.0000,0.0,0.0,1.0000,0.4860,0.4860,0.0280,2,15115.0,6,11.650,0.0000,0.0000,5.44,0,0,1.0000,
139,M4,D2,medium,115,Australia/Perth,2026-10-19,false,1.1,1.099,false,210,20,0,0,0,0,0,0,0,0,0,0,0,0.0,1.0000,0.0,0.0,1.0000,0.9720,0.0280,0.0000,1,525.0,0,2.609,0.0000,0.0000,2.41,0,0,1.0000,
140,M2,D3,light,0,Australia/Melbourne,2026-09-21,true,0.5,0.503,false,180,6,0,0,0,0,0,0,0,0,0,0,0,0.0,1.0000,0.0,0.0,1.0000,1.0000,0.0000,0.0000,0,0.0,0,0.000,0.0000,0.0000,4.12,0,0,1.0000,
140,M4,D3,light,0,Australia/Melbourne,2026-09-21,true,0.5,0.503,false,180,6,0,0,0,0,0,0,0,0,0,0,0,0.0,1.0000,0.0,0.0,1.0000,1.0000,0.0000,0.0000,0,0.0,0,0.000,0.0000,0.0000,2.17,0,0,1.0000,
141,M2,D4,light,0,Pacific/Auckland,2026-09-21,true,0.7,0.702,false,180,13,0,0,0,0,0,0,0,0,0,0,0,0.0,1.0000,0.0,0.0,1.0000,1.0000,0.0000,0.0000,0,0.0,0,0.000,0.0617,0.0000,3.93,0,0,1.0000,
141,M4,D4,light,0,Pacific/Auckland,2026-09-21,true,0.7,0.702,false,180,13,0,0,0,0,0,0,0,0,0,0,0,0.0,1.0000,0.0,0.0,1.0000,1.0000,0.0000,0.0000,0,0.0,0,0.000,0.0617,0.0000,2.18,0,0,1.0000,
142,M2,D5,medium,180,Australia/Darwin,2026-11-16,false,0.85,0.857,false,180,21,0,0,0,0,0,0,0,0,0,0,0,0.0,1.0000,0.0,0.0,1.0000,0.3412,0.6000,0.0588,6,47125.0,29,19.393,0.0000,0.0000,4.10,0,0,1.0000,
142,M4,D5,medium,180,Australia/Darwin,2026-11-16,false,0.85,0.857,false,180,21,0,0,0,0,0,0,0,0,0,0,0,0.0,1.0000,0.0,0.0,1.0000,0.9294,0.0706,0.0000,6,19415.0,6,3.326,0.0000,0.0000,6.88,0,0,1.0000,
143,M2,D6,light,40,Europe/London,2026-11-16,false,0.95,0.953,false,240,20,0,0,0,0,0,0,0,0,0,0,0,0.0,1.0000,0.0,0.0,1.0000,0.8571,0.1429,0.0000,2,4420.0,2,6.170,0.0742,0.0000,4.15,0,0,1.0000,
143,M4,D6,light,40,Europe/London,2026-11-16,false,0.95,0.953,false,240,20,0,0,0,0,0,0,0,0,0,0,0,0.0,1.0000,0.0,0.0,1.0000,1.0000,0.0000,0.0000,1,0.0,0,1.000,0.0742,0.0000,1.95,0,0,1.0000,
144,M2,D1,light,45,Australia/Sydney,2026-11-16,false,1.1,1.078,false,240,20,0,0,0,0,0,0,0,0,0,0,0,0.0,1.0000,0.0,0.0,1.0000,0.4628,0.4959,0.0413,6,46855.0,14,13.466,0.0000,0.0000,4.68,0,0,1.0000,
144,M4,D1,light,45,Australia/Sydney,2026-11-16,false,1.1,1.078,false,240,20,0,0,0,0,0,0,0,0,0,0,0,0.0,1.0000,0.0,0.0,1.0000,1.0000,0.0000,0.0000,1,0.0,0,0.970,0.0000,0.0000,2.12,0,0,1.0000,
145,M2,D2,light,0,Australia/Hobart,2027-05-10,false,0.5,0.503,true,210,7,0,0,0,0,0,0,0,0,0,0,0,0.0,1.0000,0.0,0.0,1.0000,1.0000,0.0000,0.0000,0,0.0,0,0.000,0.1226,0.0000,3.99,0,0,1.0000,
145,M4,D2,light,0,Australia/Hobart,2027-05-10,false,0.5,0.503,true,210,7,0,0,0,0,0,0,0,0,0,0,0,0.0,1.0000,0.0,0.0,1.0000,1.0000,0.0000,0.0000,0,0.0,0,0.000,0.1226,0.0000,2.26,0,0,1.0000,
146,M2,D3,heavy,235,Australia/Sydney,2026-09-21,true,0.7,0.699,true,240,19,0,0,0,0,0,0,0,0,0,0,0,0.0,1.0000,0.0,0.0,1.0000,0.5217,0.4783,0.0000,0,30520.0,21,30.164,0.0205,0.0000,4.34,0,0,1.0000,
146,M4,D3,heavy,235,Australia/Sydney,2026-09-21,true,0.7,0.699,true,240,19,0,0,0,0,0,0,0,0,0,0,0,0.0,1.0000,0.0,0.0,1.0000,0.8696,0.1304,0.0000,2,27810.0,6,14.909,0.0205,0.0000,2.25,0,0,1.0000,
147,M2,D4,light,0,Australia/Brisbane,2026-09-21,false,0.85,0.844,false,210,20,0,0,0,0,0,0,0,0,0,0,0,0.0,1.0000,0.0,0.0,1.0000,0.6911,0.3008,0.0081,0,10990.0,3,3.180,0.0132,0.0000,3.82,0,0,1.0000,
147,M4,D4,light,0,Australia/Brisbane,2026-09-21,false,0.85,0.844,false,210,20,0,0,0,0,0,0,0,0,0,0,0,0.0,1.0000,0.0,0.0,1.0000,1.0000,0.0000,0.0000,0,0.0,0,0.000,0.0132,0.0000,1.83,0,0,1.0000,
148,M2,D5,medium,120,Australia/Adelaide,2027-02-08,false,0.95,0.954,true,150,21,0,0,0,0,0,0,0,0,0,0,0,0.0,0.9753,135.0,50.0,0.9048,0.2941,0.6569,0.0490,5,80780.0,51,36.507,0.0000,0.0000,4.05,0,0,1.0000,
148,M4,D5,medium,120,Australia/Adelaide,2027-02-08,false,0.95,0.954,true,150,21,0,0,0,0,0,0,0,0,0,0,0,0.0,1.0000,0.0,0.0,1.0000,0.7255,0.2647,0.0098,8,64445.0,25,25.741,0.0000,0.0000,255.25,0,0,1.0000,
149,M2,D6,light,45,Australia/Perth,2027-05-10,false,1.1,1.107,true,90,7,0,0,0,0,0,0,0,0,0,0,0,0.0,1.0000,0.0,0.0,1.0000,0.5556,0.3778,0.0667,4,10075.0,7,6.809,0.0612,0.0000,4.05,0,0,1.0000,
149,M4,D6,light,45,Australia/Perth,2027-05-10,false,1.1,1.107,true,90,7,0,0,0,0,0,0,0,0,0,0,0,0.0,1.0000,0.0,0.0,1.0000,0.9778,0.0222,0.0000,2,6690.0,1,0.804,0.0563,0.0000,2.50,0,0,1.0000,
150,M2,D1,light,30,Australia/Darwin,2027-05-10,false,0.5,0.500,false,240,7,0,0,0,0,0,0,0,0,0,0,0,0.0,1.0000,0.0,0.0,1.0000,1.0000,0.0000,0.0000,1,0.0,0,1.000,0.0461,0.0000,3.27,0,0,1.0000,
150,M4,D1,light,30,Australia/Darwin,2027-05-10,false,0.5,0.500,false,240,7,0,0,0,0,0,0,0,0,0,0,0,0.0,1.0000,0.0,0.0,1.0000,1.0000,0.0000,0.0000,0,0.0,0,0.000,0.0553,0.0000,1.91,0,0,1.0000,
151,M2,D2,light,0,Australia/Melbourne,2026-09-21,true,0.7,0.704,true,150,11,0,0,0,0,0,0,0,0,0,0,0,0.0,1.0000,0.0,0.0,1.0000,0.7209,0.2326,0.0465,1,205.0,0,5.478,0.0243,0.0000,3.13,0,0,1.0000,
151,M4,D2,light,0,Australia/Melbourne,2026-09-21,true,0.7,0.704,true,150,11,0,0,0,0,0,0,0,0,0,0,0,0.0,1.0000,0.0,0.0,1.0000,1.0000,0.0000,0.0000,0,0.0,0,0.000,0.0243,0.0000,1.81,0,0,1.0000,
152,M2,D3,heavy,230,Australia/Perth,2027-03-15,false,0.85,0.848,false,240,20,0,0,0,0,0,0,0,0,0,0,0,0.0,1.0000,0.0,0.0,1.0000,0.2806,0.6978,0.0216,1,168070.0,89,57.056,0.0754,0.0000,4.54,0,0,1.0000,
152,M4,D3,heavy,230,Australia/Perth,2027-03-15,false,0.85,0.848,false,240,20,0,0,0,0,0,0,0,0,0,0,0,0.0,1.0000,0.0,0.0,1.0000,0.9281,0.0719,0.0000,1,73565.0,10,19.242,0.0754,0.0000,7.07,0,0,1.0000,
153,M2,D4,light,0,Australia/Sydney,2026-11-02,false,0.95,0.946,false,90,10,0,0,0,0,0,0,0,0,0,0,0,0.0,1.0000,0.0,0.0,1.0000,1.0000,0.0000,0.0000,0,0.0,0,0.000,0.0000,0.0000,4.06,0,0,1.0000,
153,M4,D4,light,0,Australia/Sydney,2026-11-02,false,0.95,0.946,false,90,10,0,0,0,0,0,0,0,0,0,0,0,0.0,1.0000,0.0,0.0,1.0000,1.0000,0.0000,0.0000,0,0.0,0,0.000,0.0000,0.0000,2.27,0,0,1.0000,
154,M2,D5,heavy,240,Australia/Adelaide,2026-11-02,false,1.1,1.095,true,180,21,0,0,0,0,0,0,0,0,0,0,0,0.0,0.9884,90.0,45.0,0.9524,0.2073,0.6829,0.1098,8,116495.0,56,31.310,0.0000,0.0000,3.96,0,0,1.0000,
154,M4,D5,heavy,240,Australia/Adelaide,2026-11-02,false,1.1,1.095,true,180,21,0,0,0,0,0,0,0,0,0,0,0,0.0,0.9910,70.0,35.0,0.9524,0.4390,0.5366,0.0244,14,91370.0,41,24.966,0.0000,0.0000,389.20,0,0,1.0000,
155,M2,D6,heavy,675,Australia/Brisbane,2026-10-19,false,0.5,0.500,false,180,6,0,0,0,0,0,0,0,0,0,0,0,0.0,1.0000,0.0,0.0,1.0000,0.4545,0.5455,0.0000,1,3085.0,1,8.472,0.0643,0.0000,2.25,0,0,1.0000,
155,M4,D6,heavy,675,Australia/Brisbane,2026-10-19,false,0.5,0.500,false,180,6,0,0,0,0,0,0,0,0,0,0,0,0.0,1.0000,0.0,0.0,1.0000,0.5758,0.4242,0.0000,0,1950.0,0,6.009,0.0941,0.0000,1.83,0,0,1.0000,
156,M2,D1,light,15,Australia/Adelaide,2027-05-10,false,0.7,0.707,true,150,13,0,0,0,0,0,0,0,0,0,0,0,0.0,1.0000,0.0,0.0,1.0000,0.8710,0.1290,0.0000,1,25.0,0,1.228,0.0214,0.0000,3.22,0,0,1.0000,
156,M4,D1,light,15,Australia/Adelaide,2027-05-10,false,0.7,0.707,true,150,13,0,0,0,0,0,0,0,0,0,0,0,0.0,1.0000,0.0,0.0,1.0000,1.0000,0.0000,0.0000,1,0.0,0,1.000,0.0214,0.0000,2.10,0,0,1.0000,
157,M2,D2,light,0,Australia/Melbourne,2027-02-08,false,0.85,0.848,true,240,20,0,0,0,0,0,0,0,0,0,0,0,0.0,1.0000,0.0,0.0,1.0000,1.0000,0.0000,0.0000,0,0.0,0,0.000,0.0000,0.0000,4.07,0,0,1.0000,
157,M4,D2,light,0,Australia/Melbourne,2027-02-08,false,0.85,0.848,true,240,20,0,0,0,0,0,0,0,0,0,0,0,0.0,1.0000,0.0,0.0,1.0000,1.0000,0.0000,0.0000,0,0.0,0,0.000,0.0000,0.0000,1.90,0,0,1.0000,
158,M2,D3,medium,145,Australia/Sydney,2026-10-19,false,0.95,0.949,false,240,20,0,0,0,0,0,0,0,0,0,0,0,0.0,1.0000,0.0,0.0,1.0000,0.2336,0.7383,0.0280,5,85545.0,53,37.217,0.0000,0.0000,3.97,0,0,1.0000,
158,M4,D3,medium,145,Australia/Sydney,2026-10-19,false,0.95,0.949,false,240,20,0,0,0,0,0,0,0,0,0,0,0,0.0,1.0000,0.0,0.0,1.0000,0.9159,0.0841,0.0000,2,96180.0,9,9.817,0.0000,0.0000,334.02,0,0,1.0000,
159,M2,D4,heavy,330,Australia/Brisbane,2026-09-21,false,1.1,1.107,true,90,15,0,0,0,0,0,0,0,0,0,0,0,0.0,0.9957,15.0,15.0,0.9333,0.8182,0.1818,0.0000,0,960.0,0,1.519,0.0428,0.0000,3.51,0,0,1.0000,
159,M4,D4,heavy,330,Australia/Brisbane,2026-09-21,false,1.1,1.107,true,90,15,0,0,0,0,0,0,0,0,0,0,0,0.0,1.0000,0.0,0.0,1.0000,0.7955,0.2045,0.0000,1,4230.0,2,1.806,0.0428,0.0000,2.34,0,0,1.0000,
160,M2,D5,medium,120,America/Los_Angeles,2026-10-19,true,0.5,0.504,false,150,7,0,0,0,0,0,0,0,0,0,0,0,0.0,1.0000,0.0,0.0,1.0000,0.6410,0.3077,0.0513,4,12265.0,8,14.549,0.0000,0.0000,3.77,0,0,1.0000,
160,M4,D5,medium,120,America/Los_Angeles,2026-10-19,true,0.5,0.504,false,150,7,0,0,0,0,0,0,0,0,0,0,0,0.0,1.0000,0.0,0.0,1.0000,1.0000,0.0000,0.0000,3,0.0,0,0.543,0.0000,0.0000,2.34,0,0,1.0000,
161,M2,D6,heavy,275,Australia/Brisbane,2026-10-19,false,0.7,0.703,true,240,20,0,0,0,0,0,0,0,0,0,0,0,0.0,0.9749,165.0,55.0,0.9500,0.5254,0.4576,0.0169,5,31320.0,21,25.634,0.0368,0.0000,4.32,0,0,1.0000,
161,M4,D6,heavy,275,Australia/Brisbane,2026-10-19,false,0.7,0.703,true,240,20,0,0,0,0,0,0,0,0,0,0,0,0.0,1.0000,0.0,0.0,1.0000,0.9153,0.0847,0.0000,13,34200.0,5,14.892,0.0184,0.0000,3.03,0,0,1.0000,
162,M2,D1,medium,60,Pacific/Auckland,2026-11-02,false,0.85,0.854,true,150,14,0,0,0,0,0,0,0,0,0,0,0,0.0,1.0000,0.0,0.0,1.0000,0.8684,0.1053,0.0263,2,4325.0,2,8.053,0.0075,0.0000,3.31,0,0,1.0000,
162,M4,D1,medium,60,Pacific/Auckland,2026-11-02,false,0.85,0.854,true,150,14,0,0,0,0,0,0,0,0,0,0,0,0.0,1.0000,0.0,0.0,1.0000,1.0000,0.0000,0.0000,1,0.0,0,0.960,0.0075,0.0000,1.96,0,0,1.0000,
163,M2,D2,light,0,Australia/Perth,2026-11-02,false,0.95,0.946,true,90,12,0,0,0,0,0,0,0,0,0,0,0,0.0,1.0000,0.0,0.0,1.0000,1.0000,0.0000,0.0000,0,0.0,0,0.000,0.0000,0.0000,3.97,0,0,1.0000,
163,M4,D2,light,0,Australia/Perth,2026-11-02,false,0.95,0.946,true,90,12,0,0,0,0,0,0,0,0,0,0,0,0.0,1.0000,0.0,0.0,1.0000,1.0000,0.0000,0.0000,0,0.0,0,0.000,0.0000,0.0000,2.25,0,0,1.0000,
164,M2,D3,heavy,240,Australia/Melbourne,2026-11-02,false,1.1,1.098,false,240,20,0,0,0,0,0,0,0,0,0,0,0,0.0,1.0000,0.0,0.0,1.0000,0.2109,0.7551,0.0340,0,202760.0,105,65.000,0.0000,0.0000,5.59,0,0,1.0000,
164,M4,D3,heavy,240,Australia/Melbourne,2026-11-02,false,1.1,1.098,false,240,20,0,0,0,0,0,0,0,0,0,0,0,0.0,1.0000,0.0,0.0,1.0000,0.7347,0.2653,0.0000,6,153355.0,39,37.381,0.0000,0.0000,443.07,0,0,1.0000,
165,M2,D4,light,0,Australia/Adelaide,2026-10-12,false,0.5,0.502,true,240,8,0,0,0,0,0,0,0,0,0,0,0,0.0,1.0000,0.0,0.0,1.0000,0.9048,0.0952,0.0000,1,2355.0,2,5.257,0.0508,0.0000,3.87,0,0,1.0000,
165,M4,D4,light,0,Australia/Adelaide,2026-10-12,false,0.5,0.502,true,240,8,0,0,0,0,0,0,0,0,0,0,0,0.0,1.0000,0.0,0.0,1.0000,1.0000,0.0000,0.0000,0,0.0,0,0.000,0.0508,0.0000,2.19,0,0,1.0000,
166,M2,D5,medium,90,Australia/Lord_Howe,2027-03-15,true,0.7,0.693,false,180,16,0,0,0,0,0,0,0,0,0,0,0,0.0,1.0000,0.0,0.0,1.0000,0.3269,0.5769,0.0962,8,19425.0,13,22.764,0.0000,0.0000,4.31,0,0,1.0000,
166,M4,D5,medium,90,Australia/Lord_Howe,2027-03-15,true,0.7,0.693,false,180,16,0,0,0,0,0,0,0,0,0,0,0,0.0,1.0000,0.0,0.0,1.0000,0.8846,0.1154,0.0000,3,38080.0,6,6.246,0.0000,0.0000,53.62,0,0,1.0000,
167,M2,D6,heavy,270,America/Los_Angeles,2026-11-02,false,0.85,0.854,true,150,17,0,0,0,0,0,0,0,0,0,0,0,0.0,1.0000,0.0,0.0,1.0000,0.1875,0.6458,0.1667,4,94315.0,29,29.122,0.1165,0.0000,2.82,0,0,1.0000,
167,M4,D6,heavy,270,America/Los_Angeles,2026-11-02,false,0.85,0.854,true,150,17,0,0,0,0,0,0,0,0,0,0,0,0.0,1.0000,0.0,0.0,1.0000,0.8542,0.1458,0.0000,6,55955.0,7,9.880,0.0214,0.0000,3.62,0,0,1.0000,
168,M2,D1,light,25,Australia/Melbourne,2027-02-08,false,0.95,0.943,false,180,20,0,0,0,0,0,0,0,0,0,0,0,0.0,1.0000,0.0,0.0,1.0000,0.6279,0.3488,0.0233,1,16060.0,5,7.454,0.0000,0.0000,3.82,0,0,1.0000,
168,M4,D1,light,25,Australia/Melbourne,2027-02-08,false,0.95,0.943,false,180,20,0,0,0,0,0,0,0,0,0,0,0,0.0,1.0000,0.0,0.0,1.0000,0.9767,0.0233,0.0000,1,15295.0,2,1.219,0.0000,0.0000,49.87,0,0,1.0000,
169,M2,D2,medium,110,Australia/Brisbane,2027-03-15,false,1.1,1.089,true,120,17,0,0,0,0,0,0,0,0,0,0,0,0.0,0.9745,80.0,80.0,0.9286,0.9250,0.0750,0.0000,0,630.0,0,5.744,0.0891,0.0000,2.98,50,5,0.9841,
169,M4,D2,medium,110,Australia/Brisbane,2027-03-15,false,1.1,1.089,true,120,17,0,0,0,0,0,0,0,0,0,0,0,0.0,0.9809,60.0,60.0,0.8571,0.9250,0.0500,0.0250,1,370.0,0,8.505,0.0894,0.0000,2.81,50,5,0.9841,
170,M2,D3,light,0,America/Los_Angeles,2026-10-12,true,0.5,0.845,false,90,6,0,0,0,0,0,0,0,0,0,0,0,0.0,1.0000,0.0,0.0,1.0000,1.0000,0.0000,0.0000,0,0.0,0,0.000,0.0395,0.0000,3.74,0,0,1.0000,
170,M4,D3,light,0,America/Los_Angeles,2026-10-12,true,0.5,0.845,false,90,6,0,0,0,0,0,0,0,0,0,0,0,0.0,1.0000,0.0,0.0,1.0000,1.0000,0.0000,0.0000,0,0.0,0,0.000,0.0395,0.0000,2.14,0,0,1.0000,
171,M2,D4,light,0,Australia/Hobart,2026-10-12,false,0.7,0.705,false,180,15,0,0,0,0,0,0,0,0,0,0,0,0.0,1.0000,0.0,0.0,1.0000,0.9512,0.0488,0.0000,0,280.0,0,1.997,0.0329,0.0000,2.73,0,0,1.0000,
171,M4,D4,light,0,Australia/Hobart,2026-10-12,false,0.7,0.705,false,180,15,0,0,0,0,0,0,0,0,0,0,0,0.0,1.0000,0.0,0.0,1.0000,1.0000,0.0000,0.0000,0,0.0,0,0.000,0.0329,0.0000,1.68,0,0,1.0000,
172,M2,D5,medium,150,Australia/Sydney,2026-10-19,false,0.85,0.848,false,120,11,0,0,0,0,0,0,0,0,0,0,0,0.0,1.0000,0.0,0.0,1.0000,0.4375,0.5313,0.0313,5,29125.0,15,17.930,0.0107,0.0000,2.92,0,0,1.0000,
172,M4,D5,medium,150,Australia/Sydney,2026-10-19,false,0.85,0.848,false,120,11,0,0,0,0,0,0,0,0,0,0,0,0.0,1.0000,0.0,0.0,1.0000,0.9063,0.0938,0.0000,4,7140.0,3,2.172,0.0107,0.0000,3.21,0,0,1.0000,
173,M2,D6,heavy,235,Australia/Sydney,2026-11-02,false,0.95,0.953,true,240,20,0,0,0,0,0,0,0,0,0,0,0,0.0,1.0000,0.0,0.0,1.0000,0.5664,0.4266,0.0070,2,21205.0,4,8.052,0.0235,0.0000,5.53,0,0,1.0000,
173,M4,D6,heavy,235,Australia/Sydney,2026-11-02,false,0.95,0.953,true,240,20,0,0,0,0,0,0,0,0,0,0,0,0.0,1.0000,0.0,0.0,1.0000,0.9441,0.0559,0.0000,1,2920.0,2,2.136,0.0235,0.0000,2.53,0,0,1.0000,
174,M2,D1,light,30,Australia/Hobart,2027-05-10,false,1.1,1.095,true,90,9,0,0,0,0,0,0,0,0,0,0,0,0.0,1.0000,0.0,0.0,1.0000,0.6889,0.2667,0.0444,0,9845.0,4,4.948,0.0269,0.0000,3.65,0,0,1.0000,
174,M4,D1,light,30,Australia/Hobart,2027-05-10,false,1.1,1.095,true,90,9,0,0,0,0,0,0,0,0,0,0,0,0.0,1.0000,0.0,0.0,1.0000,0.9778,0.0222,0.0000,1,8035.0,1,0.649,0.0303,0.0000,4.17,0,0,1.0000,
175,M2,D2,medium,90,Australia/Hobart,2026-11-02,false,0.5,0.500,false,150,6,0,0,0,0,0,0,0,0,0,0,0,0.0,1.0000,0.0,0.0,1.0000,0.8810,0.1190,0.0000,0,525.0,0,2.951,0.0142,0.0000,3.16,0,0,1.0000,
175,M4,D2,medium,90,Australia/Hobart,2026-11-02,false,0.5,0.500,false,150,6,0,0,0,0,0,0,0,0,0,0,0,0.0,1.0000,0.0,0.0,1.0000,0.9286,0.0714,0.0000,0,2955.0,3,3.060,0.0142,0.0000,1.93,0,0,1.0000,
176,M2,D3,light,0,Australia/Sydney,2026-10-12,false,0.7,0.744,false,90,6,0,0,0,0,0,0,0,0,0,0,0,0.0,1.0000,0.0,0.0,1.0000,1.0000,0.0000,0.0000,0,0.0,0,0.000,0.0156,0.0000,3.47,0,0,1.0000,
176,M4,D3,light,0,Australia/Sydney,2026-10-12,false,0.7,0.744,false,90,6,0,0,0,0,0,0,0,0,0,0,0,0.0,1.0000,0.0,0.0,1.0000,1.0000,0.0000,0.0000,0,0.0,0,0.000,0.0156,0.0000,2.00,0,0,1.0000,
177,M2,D4,medium,130,Australia/Hobart,2027-03-15,true,0.85,0.851,false,180,20,0,0,0,0,0,0,0,0,0,0,0,0.0,1.0000,0.0,0.0,1.0000,0.9195,0.0805,0.0000,0,1470.0,0,1.208,0.1133,0.0000,3.73,0,0,1.0000,
177,M4,D4,medium,130,Australia/Hobart,2027-03-15,true,0.85,0.851,false,180,20,0,0,0,0,0,0,0,0,0,0,0,0.0,1.0000,0.0,0.0,1.0000,0.9540,0.0460,0.0000,2,825.0,0,1.426,0.1133,0.0000,2.09,0,0,1.0000,
178,M2,D5,medium,90,America/Los_Angeles,2027-05-10,false,0.95,0.946,true,90,13,0,0,0,0,0,0,0,0,0,0,0,0.0,1.0000,0.0,0.0,1.0000,0.2500,0.7188,0.0313,3,36475.0,21,16.944,0.0308,0.0000,2.79,0,0,1.0000,
178,M4,D5,medium,90,America/Los_Angeles,2027-05-10,false,0.95,0.946,true,90,13,0,0,0,0,0,0,0,0,0,0,0,0.0,1.0000,0.0,0.0,1.0000,0.9375,0.0625,0.0000,2,16240.0,2,1.272,0.0373,0.0000,3.39,0,0,1.0000,
179,M2,D6,heavy,375,Australia/Hobart,2027-02-08,false,1.1,1.094,false,210,20,0,0,0,0,0,0,0,0,0,0,0,0.0,1.0000,0.0,0.0,1.0000,0.2143,0.7540,0.0317,0,172670.0,90,55.439,0.0167,0.0000,5.12,0,0,1.0000,
179,M4,D6,heavy,375,Australia/Hobart,2027-02-08,false,1.1,1.094,false,210,20,0,0,0,0,0,0,0,0,0,0,0,0.0,1.0000,0.0,0.0,1.0000,0.6429,0.3571,0.0000,3,132405.0,43,33.943,0.0000,0.0000,476.68,0,0,1.0000,
180,M2,D1,light,20,America/Los_Angeles,2026-11-16,false,0.5,0.505,true,210,7,0,0,0,0,0,0,0,0,0,0,0,0.0,1.0000,0.0,0.0,1.0000,0.8919,0.1081,0.0000,1,3895.0,3,5.539,0.0204,0.0000,3.68,0,0,1.0000,
180,M4,D1,light,20,America/Los_Angeles,2026-11-16,false,0.5,0.505,true,210,7,0,0,0,0,0,0,0,0,0,0,0,0.0,1.0000,0.0,0.0,1.0000,1.0000,0.0000,0.0000,1,0.0,0,0.589,0.0204,0.0000,2.17,0,0,1.0000,
181,M2,D2,light,0,Australia/Brisbane,2027-05-10,false,0.7,0.699,true,180,15,0,0,0,0,0,0,0,0,0,0,0,0.0,1.0000,0.0,0.0,1.0000,0.6429,0.3571,0.0000,2,7555.0,2,5.006,0.0000,0.0000,4.05,0,0,1.0000,
181,M4,D2,light,0,Australia/Brisbane,2027-05-10,false,0.7,0.699,true,180,15,0,0,0,0,0,0,0,0,0,0,0,0.0,1.0000,0.0,0.0,1.0000,1.0000,0.0000,0.0000,0,0.0,0,0.000,0.0000,0.0000,2.19,0,0,1.0000,
182,M2,D3,heavy,230,America/Los_Angeles,2026-10-19,true,0.85,0.849,true,240,20,0,0,0,0,0,0,0,0,0,0,0,0.0,0.9902,75.0,60.0,0.9000,0.3077,0.6442,0.0481,0,106750.0,49,50.700,0.0000,0.0000,3.77,0,0,1.0000,
182,M4,D3,heavy,230,America/Los_Angeles,2026-10-19,true,0.85,0.849,true,240,20,0,0,0,0,0,0,0,0,0,0,0,0.0,1.0000,0.0,0.0,1.0000,0.8365,0.1635,0.0000,4,119280.0,17,25.044,0.0000,0.0000,66.51,0,0,1.0000,
183,M2,D4,light,0,Australia/Sydney,2026-11-16,false,0.95,0.952,true,90,6,0,0,0,0,0,0,0,0,0,0,0,0.0,1.0000,0.0,0.0,1.0000,0.9412,0.0588,0.0000,0,750.0,0,0.515,0.0359,0.0000,3.39,0,0,1.0000,
183,M4,D4,light,0,Australia/Sydney,2026-11-16,false,0.95,0.952,true,90,6,0,0,0,0,0,0,0,0,0,0,0,0.0,1.0000,0.0,0.0,1.0000,1.0000,0.0000,0.0000,0,0.0,0,0.000,0.0359,0.0000,1.90,0,0,1.0000,
184,M2,D5,heavy,240,Australia/Melbourne,2027-05-10,false,1.1,1.098,false,240,21,0,0,0,0,0,0,0,0,0,0,0,0.0,1.0000,0.0,0.0,1.0000,0.1217,0.8087,0.0696,10,140590.0,63,38.027,0.0588,0.0000,4.49,0,0,1.0000,
184,M4,D5,heavy,240,Australia/Melbourne,2027-05-10,false,1.1,1.098,false,240,21,0,0,0,0,0,0,0,0,0,0,0,0.0,1.0000,0.0,0.0,1.0000,0.5478,0.4522,0.0000,21,99705.0,51,33.730,0.0300,0.0000,506.04,0,0,1.0000,
185,M2,D6,medium,180,Pacific/Auckland,2026-10-19,false,0.5,0.500,true,240,9,0,0,0,0,0,0,0,0,0,0,0,0.0,0.8861,270.0,90.0,0.8889,1.0000,0.0000,0.0000,3,0.0,0,1.774,0.0395,0.0000,4.10,0,0,1.0000,
185,M4,D6,medium,180,Pacific/Auckland,2026-10-19,false,0.5,0.500,true,240,9,0,0,0,0,0,0,0,0,0,0,0,0.0,1.0000,0.0,0.0,1.0000,1.0000,0.0000,0.0000,6,0.0,0,4.064,0.0395,0.0000,2.11,0,0,1.0000,
186,M2,D1,light,35,Australia/Hobart,2027-05-10,false,0.7,0.696,false,210,17,0,0,0,0,0,0,0,0,0,0,0,0.0,1.0000,0.0,0.0,1.0000,0.6452,0.3548,0.0000,2,5190.0,2,8.560,0.0141,0.0000,3.46,0,0,1.0000,
186,M4,D1,light,35,Australia/Hobart,2027-05-10,false,0.7,0.696,false,210,17,0,0,0,0,0,0,0,0,0,0,0,0.0,1.0000,0.0,0.0,1.0000,1.0000,0.0000,0.0000,2,0.0,0,0.394,0.0141,0.0000,1.89,0,0,1.0000,
187,M2,D2,light,0,Pacific/Auckland,2026-10-19,false,0.85,0.846,false,150,16,0,0,0,0,0,0,0,0,0,0,0,0.0,1.0000,0.0,0.0,1.0000,0.9600,0.0400,0.0000,0,110.0,0,1.652,0.0389,0.0000,3.66,0,0,1.0000,
187,M4,D2,light,0,Pacific/Auckland,2026-10-19,false,0.85,0.846,false,150,16,0,0,0,0,0,0,0,0,0,0,0,0.0,1.0000,0.0,0.0,1.0000,1.0000,0.0000,0.0000,0,0.0,0,0.000,0.0389,0.0000,2.04,0,0,1.0000,
188,M2,D3,medium,110,Australia/Hobart,2027-02-08,false,0.95,0.946,true,120,13,0,0,0,0,0,0,0,0,0,0,0,0.0,1.0000,0.0,0.0,1.0000,0.4308,0.5385,0.0308,0,49395.0,35,28.940,0.0673,0.0000,3.81,0,0,1.0000,
188,M4,D3,medium,110,Australia/Hobart,2027-02-08,false,0.95,0.946,true,120,13,0,0,0,0,0,0,0,0,0,0,0,0.0,1.0000,0.0,0.0,1.0000,0.9077,0.0923,0.0000,0,47060.0,6,9.429,0.0443,0.0000,112.61,0,0,1.0000,
189,M2,D4,medium,170,Australia/Sydney,2027-05-10,false,1.1,1.080,false,240,20,0,0,0,0,0,0,0,0,0,0,0,0.0,0.9606,280.0,280.0,0.9333,0.7778,0.2222,0.0000,0,3545.0,0,3.383,0.0985,0.0000,4.17,280,1,0.9606,
189,M4,D4,medium,170,Australia/Sydney,2027-05-10,false,1.1,1.080,false,240,20,0,0,0,0,0,0,0,0,0,0,0,0.0,0.9606,280.0,280.0,0.9333,0.9596,0.0404,0.0000,0,1660.0,0,1.388,0.0985,0.0000,2.97,280,1,0.9606,
190,M2,D5,medium,120,Australia/Adelaide,2026-11-16,false,0.5,0.500,false,120,7,0,0,0,0,0,0,0,0,0,0,0,0.0,1.0000,0.0,0.0,1.0000,0.9677,0.0323,0.0000,3,60.0,0,3.057,0.0600,0.0000,3.08,0,0,1.0000,
190,M4,D5,medium,120,Australia/Adelaide,2026-11-16,false,0.5,0.500,false,120,7,0,0,0,0,0,0,0,0,0,0,0,0.0,1.0000,0.0,0.0,1.0000,1.0000,0.0000,0.0000,3,0.0,0,2.582,0.0600,0.0000,1.88,0,0,1.0000,
191,M2,D6,heavy,300,Australia/Sydney,2026-11-16,false,0.7,0.696,true,120,10,0,0,0,0,0,0,0,0,0,0,0,0.0,1.0000,0.0,0.0,1.0000,0.8000,0.2000,0.0000,0,1275.0,0,4.247,0.0082,0.0000,3.31,0,0,1.0000,
191,M4,D6,heavy,300,Australia/Sydney,2026-11-16,false,0.7,0.696,true,120,10,0,0,0,0,0,0,0,0,0,0,0,0.0,1.0000,0.0,0.0,1.0000,0.8000,0.2000,0.0000,0,1275.0,0,4.247,0.0082,0.0000,2.07,0,0,1.0000,
192,M2,D1,light,40,Australia/Sydney,2027-02-08,false,0.85,0.848,false,180,20,0,0,0,0,0,0,0,0,0,0,0,0.0,1.0000,0.0,0.0,1.0000,0.3382,0.5735,0.0882,2,32710.0,17,16.814,0.0122,0.0000,3.80,0,0,1.0000,
192,M4,D1,light,40,Australia/Sydney,2027-02-08,false,0.85,0.848,false,180,20,0,0,0,0,0,0,0,0,0,0,0,0.0,1.0000,0.0,0.0,1.0000,0.9706,0.0294,0.0000,2,15935.0,2,1.806,0.0122,0.0000,11.54,0,0,1.0000,
193,M2,D2,light,0,Australia/Lord_Howe,2027-03-15,true,0.95,0.955,true,240,20,0,0,0,0,0,0,0,0,0,0,0,0.0,1.0000,0.0,0.0,1.0000,0.9709,0.0291,0.0000,0,10.0,0,0.150,0.0000,0.0000,5.07,0,0,1.0000,
193,M4,D2,light,0,Australia/Lord_Howe,2027-03-15,true,0.95,0.955,true,240,20,0,0,0,0,0,0,0,0,0,0,0,0.0,1.0000,0.0,0.0,1.0000,1.0000,0.0000,0.0000,0,0.0,0,0.000,0.0000,0.0000,2.40,0,0,1.0000,
194,M2,D3,medium,180,Pacific/Auckland,2027-02-08,false,1.1,1.101,true,180,20,0,0,0,0,0,0,0,0,0,0,0,0.0,0.9653,275.0,125.0,0.8947,0.2410,0.6627,0.0964,3,84815.0,49,40.848,0.1036,0.1429,4.09,95,15,0.9880,
194,M4,D3,medium,180,Pacific/Auckland,2027-02-08,false,1.1,1.101,true,180,20,0,0,0,0,0,0,0,0,0,0,0,0.0,0.9849,120.0,120.0,0.9474,0.4578,0.4940,0.0482,8,83060.0,39,32.052,0.1036,0.1429,486.82,95,15,0.9880,
195,M2,D4,light,0,Pacific/Auckland,2026-11-02,false,0.5,0.638,false,120,6,0,0,0,0,0,0,0,0,0,0,0,0.0,1.0000,0.0,0.0,1.0000,1.0000,0.0000,0.0000,0,0.0,0,0.000,0.0684,0.0000,2.91,0,0,1.0000,
195,M4,D4,light,0,Pacific/Auckland,2026-11-02,false,0.5,0.638,false,120,6,0,0,0,0,0,0,0,0,0,0,0,0.0,1.0000,0.0,0.0,1.0000,1.0000,0.0000,0.0000,0,0.0,0,0.000,0.0684,0.0000,1.71,0,0,1.0000,
196,M2,D5,medium,60,Australia/Darwin,2027-02-08,false,0.7,0.696,false,90,7,0,0,0,0,0,0,0,0,0,0,0,0.0,1.0000,0.0,0.0,1.0000,0.7500,0.2222,0.0278,1,8380.0,6,11.389,0.0274,0.0000,2.12,0,0,1.0000,
196,M4,D5,medium,60,Australia/Darwin,2027-02-08,false,0.7,0.696,false,90,7,0,0,0,0,0,0,0,0,0,0,0,0.0,1.0000,0.0,0.0,1.0000,1.0000,0.0000,0.0000,1,0.0,0,0.200,0.0274,0.0000,1.54,0,0,1.0000,
197,M2,D6,heavy,355,Australia/Melbourne,2026-10-19,false,0.85,0.853,true,120,14,0,0,0,0,0,0,0,0,0,0,0,0.0,1.0000,0.0,0.0,1.0000,0.2500,0.7000,0.0500,0,42240.0,28,21.268,0.1442,0.0000,3.42,0,0,1.0000,
197,M4,D6,heavy,355,Australia/Melbourne,2026-10-19,false,0.85,0.853,true,120,14,0,0,0,0,0,0,0,0,0,0,0,0.0,1.0000,0.0,0.0,1.0000,0.7500,0.2500,0.0000,5,32590.0,10,11.126,0.1077,0.0000,3.31,0,0,1.0000,
198,M2,D1,light,30,America/Los_Angeles,2026-10-12,true,0.95,0.952,false,90,8,0,0,0,0,0,0,0,0,0,0,0,0.0,1.0000,0.0,0.0,1.0000,1.0000,0.0000,0.0000,1,0.0,0,1.000,0.0034,0.0000,3.29,0,0,1.0000,
198,M4,D1,light,30,America/Los_Angeles,2026-10-12,true,0.95,0.952,false,90,8,0,0,0,0,0,0,0,0,0,0,0,0.0,1.0000,0.0,0.0,1.0000,1.0000,0.0000,0.0000,1,0.0,0,1.000,0.0034,0.0000,1.97,0,0,1.0000,
199,M2,D2,light,0,Europe/London,2027-02-08,false,1.1,1.092,false,180,20,0,0,0,0,0,0,0,0,0,0,0,0.0,1.0000,0.0,0.0,1.0000,1.0000,0.0000,0.0000,0,0.0,0,0.000,0.0518,0.0000,4.04,0,0,1.0000,
199,M4,D2,light,0,Europe/London,2027-02-08,false,1.1,1.092,false,180,20,0,0,0,0,0,0,0,0,0,0,0,0.0,1.0000,0.0,0.0,1.0000,1.0000,0.0000,0.0000,0,0.0,0,0.000,0.0518,0.0000,1.93,0,0,1.0000,
200,M2,D3,light,0,Australia/Brisbane,2026-11-16,false,0.5,0.503,false,180,7,0,0,0,0,0,0,0,0,0,0,0,0.0,1.0000,0.0,0.0,1.0000,1.0000,0.0000,0.0000,0,0.0,0,0.000,0.0193,0.0000,3.43,0,0,1.0000,
200,M4,D3,light,0,Australia/Brisbane,2026-11-16,false,0.5,0.503,false,180,7,0,0,0,0,0,0,0,0,0,0,0,0.0,1.0000,0.0,0.0,1.0000,1.0000,0.0000,0.0000,0,0.0,0,0.000,0.0193,0.0000,1.92,0,0,1.0000,
201,M2,D4,medium,180,Australia/Perth,2026-11-02,false,0.7,0.750,false,90,6,0,0,0,0,0,0,0,0,0,0,0,0.0,1.0000,0.0,0.0,1.0000,0.7857,0.2143,0.0000,0,540.0,0,0.792,0.0127,0.0000,2.35,0,0,1.0000,
201,M4,D4,medium,180,Australia/Perth,2026-11-02,false,0.7,0.750,false,90,6,0,0,0,0,0,0,0,0,0,0,0,0.0,1.0000,0.0,0.0,1.0000,0.8571,0.1429,0.0000,0,630.0,0,0.926,0.0127,0.0000,1.70,0,0,1.0000,
202,M2,D5,medium,180,Australia/Sydney,2026-11-02,false,0.85,0.853,false,120,15,0,0,0,0,0,0,0,0,0,0,0,0.0,1.0000,0.0,0.0,1.0000,0.2745,0.6275,0.0980,7,65100.0,30,16.517,0.0000,0.0000,3.13,0,0,1.0000,
202,M4,D5,medium,180,Australia/Sydney,2026-11-02,false,0.85,0.853,false,120,15,0,0,0,0,0,0,0,0,0,0,0,0.0,1.0000,0.0,0.0,1.0000,0.8039,0.1961,0.0000,8,70270.0,10,4.970,0.0000,0.0000,247.55,0,0,1.0000,
203,M2,D6,medium,120,Australia/Lord_Howe,2027-03-15,true,0.95,0.953,true,240,21,0,0,0,0,0,0,0,0,0,0,0,0.0,1.0000,0.0,0.0,1.0000,0.4094,0.5772,0.0134,5,98710.0,49,43.526,0.0712,0.0000,4.66,0,0,1.0000,
203,M4,D6,medium,120,Australia/Lord_Howe,2027-03-15,true,0.95,0.953,true,240,21,0,0,0,0,0,0,0,0,0,0,0,0.0,1.0000,0.0,0.0,1.0000,0.9396,0.0604,0.0000,7,57405.0,8,6.949,0.0712,0.0000,369.25,0,0,1.0000,
204,M2,D1,light,35,Australia/Hobart,2026-11-02,false,1.1,1.101,false,90,7,0,0,0,0,0,0,0,0,0,0,0,0.0,1.0000,0.0,0.0,1.0000,0.5385,0.4038,0.0577,1,18385.0,12,7.174,0.0987,0.0000,3.63,0,0,1.0000,
204,M4,D1,light,35,Australia/Hobart,2026-11-02,false,1.1,1.101,false,90,7,0,0,0,0,0,0,0,0,0,0,0,0.0,1.0000,0.0,0.0,1.0000,0.9615,0.0385,0.0000,1,15240.0,2,1.507,0.0850,0.0000,12.98,0,0,1.0000,
205,M2,D2,light,0,Australia/Melbourne,2026-11-16,false,0.5,0.560,false,90,6,0,0,0,0,0,0,0,0,0,0,0,0.0,1.0000,0.0,0.0,1.0000,0.9545,0.0455,0.0000,0,2700.0,1,0.828,0.1036,0.0000,3.59,0,0,1.0000,
205,M4,D2,light,0,Australia/Melbourne,2026-11-16,false,0.5,0.560,false,90,6,0,0,0,0,0,0,0,0,0,0,0,0.0,1.0000,0.0,0.0,1.0000,1.0000,0.0000,0.0000,0,0.0,0,0.000,0.1036,0.0000,2.14,0,0,1.0000,
206,M2,D3,medium,180,Australia/Darwin,2027-05-10,false,0.7,0.696,true,180,13,0,0,0,0,0,0,0,0,0,0,0,0.0,1.0000,0.0,0.0,1.0000,0.6786,0.2500,0.0714,1,10505.0,6,20.961,0.0350,0.0000,3.81,0,0,1.0000,
206,M4,D3,medium,180,Australia/Darwin,2027-05-10,false,0.7,0.696,true,180,13,0,0,0,0,0,0,0,0,0,0,0,0.0,1.0000,0.0,0.0,1.0000,0.8214,0.1786,0.0000,2,12645.0,5,14.595,0.0350,0.0000,2.19,0,0,1.0000,
207,M2,D4,medium,80,Australia/Sydney,2027-05-10,false,0.85,0.848,false,180,20,0,0,0,0,0,0,0,0,0,0,0,0.0,1.0000,0.0,0.0,1.0000,0.8462,0.1538,0.0000,0,460.0,0,1.194,0.0000,0.0000,4.11,0,0,1.0000,
207,M4,D4,medium,80,Australia/Sydney,2027-05-10,false,0.85,0.848,false,180,20,0,0,0,0,0,0,0,0,0,0,0,0.0,1.0000,0.0,0.0,1.0000,0.9615,0.0385,0.0000,0,200.0,0,0.408,0.0000,0.0000,2.26,0,0,1.0000,
208,M2,D5,heavy,240,Australia/Melbourne,2027-02-08,false,0.95,0.949,false,240,21,0,0,0,0,0,0,0,0,0,0,0,0.0,1.0000,0.0,0.0,1.0000,0.3143,0.6643,0.0214,8,135025.0,79,52.719,0.0181,0.0000,4.42,0,0,1.0000,
208,M4,D5,heavy,240,Australia/Melbourne,2027-02-08,false,0.95,0.949,false,240,21,0,0,0,0,0,0,0,0,0,0,0,0.0,1.0000,0.0,0.0,1.0000,0.9357,0.0643,0.0000,9,86370.0,9,5.000,0.0181,0.0000,286.69,0,0,1.0000,
209,M2,D6,medium,120,Australia/Sydney,2027-05-10,false,1.1,1.102,true,210,21,0,0,0,0,0,0,0,0,0,0,0,0.0,1.0000,0.0,0.0,1.0000,0.2990,0.6701,0.0309,5,50540.0,25,14.583,0.0000,0.0000,3.68,0,0,1.0000,
209,M4,D6,medium,120,Australia/Sydney,2027-05-10,false,1.1,1.102,true,210,21,0,0,0,0,0,0,0,0,0,0,0,0.0,1.0000,0.0,0.0,1.0000,0.8144,0.1856,0.0000,12,37470.0,18,8.495,0.0000,0.0000,322.79,0,0,1.0000,
210,M2,D1,light,45,America/Los_Angeles,2026-09-21,false,0.5,0.498,false,240,8,0,0,0,0,0,0,0,0,0,0,0,0.0,1.0000,0.0,0.0,1.0000,0.8667,0.1111,0.0222,1,2845.0,1,2.865,0.0000,0.0000,2.69,0,0,1.0000,
210,M4,D1,light,45,America/Los_Angeles,2026-09-21,false,0.5,0.498,false,240,8,0,0,0,0,0,0,0,0,0,0,0,0.0,1.0000,0.0,0.0,1.0000,1.0000,0.0000,0.0000,1,0.0,0,1.000,0.0000,0.0000,1.78,0,0,1.0000,
211,M2,D2,light,0,Australia/Melbourne,2026-11-16,false,0.7,0.696,false,150,12,0,0,0,0,0,0,0,0,0,0,0,0.0,1.0000,0.0,0.0,1.0000,1.0000,0.0000,0.0000,0,0.0,0,0.000,0.0896,0.0000,3.35,0,0,1.0000,
211,M4,D2,light,0,Australia/Melbourne,2026-11-16,false,0.7,0.696,false,150,12,0,0,0,0,0,0,0,0,0,0,0,0.0,1.0000,0.0,0.0,1.0000,1.0000,0.0000,0.0000,0,0.0,0,0.000,0.0896,0.0000,1.87,0,0,1.0000,
212,M2,D3,heavy,240,Australia/Perth,2026-11-16,false,0.85,0.853,true,240,20,0,0,0,0,0,0,0,0,0,0,0,0.0,1.0000,0.0,0.0,1.0000,0.3214,0.6286,0.0500,0,167415.0,82,55.368,0.0000,0.0000,4.40,0,0,1.0000,
212,M4,D3,heavy,240,Australia/Perth,2026-11-16,false,0.85,0.853,true,240,20,0,0,0,0,0,0,0,0,0,0,0,0.0,1.0000,0.0,0.0,1.0000,0.7286,0.2714,0.0000,8,125600.0,38,40.049,0.0000,0.0000,415.83,0,0,1.0000,
213,M2,D4,light,0,Australia/Melbourne,2026-11-16,false,0.95,0.951,true,120,15,0,0,0,0,0,0,0,0,0,0,0,0.0,0.9199,345.0,165.0,0.8000,1.0000,0.0000,0.0000,0,0.0,0,0.000,0.0000,0.0000,2.78,150,6,0.9652,
213,M4,D4,light,0,Australia/Melbourne,2026-11-16,false,0.95,0.951,true,120,15,0,0,0,0,0,0,0,0,0,0,0,0.0,0.9199,345.0,165.0,0.8000,1.0000,0.0000,0.0000,0,0.0,0,0.000,0.0000,0.0000,2.91,150,6,0.9652,
214,M2,D5,medium,120,Australia/Brisbane,2027-05-10,false,1.1,1.100,false,150,21,0,0,0,0,0,0,0,0,0,0,0,0.0,0.9827,90.0,30.0,0.9500,0.2747,0.6813,0.0440,5,82300.0,49,40.275,0.1216,0.1429,4.09,0,0,1.0000,
214,M4,D5,medium,120,Australia/Brisbane,2027-05-10,false,1.1,1.100,false,150,21,0,0,0,0,0,0,0,0,0,0,0,0.0,1.0000,0.0,0.0,1.0000,0.9451,0.0549,0.0000,5,54560.0,5,2.503,0.0747,0.0000,184.37,0,0,1.0000,
215,M2,D6,light,20,Australia/Melbourne,2027-02-08,false,0.5,0.851,false,90,6,0,0,0,0,0,0,0,0,0,0,0,0.0,1.0000,0.0,0.0,1.0000,0.8966,0.1034,0.0000,1,2875.0,2,6.871,0.0400,0.0000,3.92,0,0,1.0000,
215,M4,D6,light,20,Australia/Melbourne,2027-02-08,false,0.5,0.851,false,90,6,0,0,0,0,0,0,0,0,0,0,0,0.0,1.0000,0.0,0.0,1.0000,1.0000,0.0000,0.0000,1,0.0,0,0.938,0.0400,0.0000,2.23,0,0,1.0000,
216,M2,D1,light,30,Australia/Melbourne,2026-11-16,false,0.7,0.756,true,90,6,0,0,0,0,0,0,0,0,0,0,0,0.0,1.0000,0.0,0.0,1.0000,0.9677,0.0323,0.0000,1,1440.0,1,1.631,0.0700,0.0000,3.43,0,0,1.0000,
216,M4,D1,light,30,Australia/Melbourne,2026-11-16,false,0.7,0.756,true,90,6,0,0,0,0,0,0,0,0,0,0,0,0.0,1.0000,0.0,0.0,1.0000,1.0000,0.0000,0.0000,0,0.0,0,0.000,0.0840,0.0000,2.14,0,0,1.0000,
217,M2,D2,light,25,Australia/Melbourne,2026-11-16,false,0.85,0.848,false,240,20,0,0,0,0,0,0,0,0,0,0,0,0.0,1.0000,0.0,0.0,1.0000,0.2824,0.5882,0.1294,3,24740.0,14,20.585,0.1169,0.0000,3.74,0,0,1.0000,
217,M4,D2,light,25,Australia/Melbourne,2026-11-16,false,0.85,0.848,false,240,20,0,0,0,0,0,0,0,0,0,0,0,0.0,1.0000,0.0,0.0,1.0000,0.9882,0.0118,0.0000,0,375.0,0,1.627,0.0950,0.0000,2.04,0,0,1.0000,
218,M2,D3,light,25,Australia/Sydney,2026-11-16,false,0.95,0.949,false,210,20,0,0,0,0,0,0,0,0,0,0,0,0.0,1.0000,0.0,0.0,1.0000,0.4921,0.4762,0.0317,0,12875.0,6,9.519,0.0771,0.0000,3.61,0,0,1.0000,
218,M4,D3,light,25,Australia/Sydney,2026-11-16,false,0.95,0.949,false,210,20,0,0,0,0,0,0,0,0,0,0,0,0.0,1.0000,0.0,0.0,1.0000,0.9683,0.0317,0.0000,0,12245.0,2,3.351,0.0771,0.0000,6.32,0,0,1.0000,
219,M2,D4,heavy,255,Australia/Brisbane,2026-11-02,false,1.1,1.098,false,180,20,0,0,0,0,0,0,0,0,0,0,0,0.0,1.0000,0.0,0.0,1.0000,0.7297,0.2568,0.0135,1,17015.0,4,13.397,0.0374,0.0000,3.70,0,0,1.0000,
219,M4,D4,heavy,255,Australia/Brisbane,2026-11-02,false,1.1,1.098,false,180,20,0,0,0,0,0,0,0,0,0,0,0,0.0,1.0000,0.0,0.0,1.0000,0.9189,0.0811,0.0000,2,580.0,0,3.763,0.0374,0.0000,1.89,0,0,1.0000,
220,M2,D5,medium,90,Australia/Sydney,2026-11-16,false,0.5,0.500,true,180,8,0,0,0,0,0,0,0,0,0,0,0,0.0,1.0000,0.0,0.0,1.0000,0.7679,0.1964,0.0357,3,4430.0,3,18.247,0.0597,0.0000,3.19,0,0,1.0000,
220,M4,D5,medium,90,Australia/Sydney,2026-11-16,false,0.5,0.500,true,180,8,0,0,0,0,0,0,0,0,0,0,0,0.0,1.0000,0.0,0.0,1.0000,1.0000,0.0000,0.0000,4,0.0,0,1.886,0.0597,0.0000,2.03,0,0,1.0000,
221,M2,D6,heavy,200,Australia/Hobart,2026-11-16,false,0.7,0.704,false,210,17,0,0,0,0,0,0,0,0,0,0,0,0.0,0.9917,30.0,30.0,0.9333,0.4579,0.5327,0.0093,0,74635.0,44,46.229,0.0345,0.0000,4.06,0,0,1.0000,
221,M4,D6,heavy,200,Australia/Hobart,2026-11-16,false,0.7,0.704,false,210,17,0,0,0,0,0,0,0,0,0,0,0,0.0,1.0000,0.0,0.0,1.0000,0.8692,0.1308,0.0000,4,80850.0,14,24.622,0.0345,0.0000,48.10,0,0,1.0000,
222,M2,D1,light,25,Australia/Melbourne,2027-05-10,false,0.85,0.849,false,120,7,0,0,0,0,0,0,0,0,0,0,0,0.0,1.0000,0.0,0.0,1.0000,1.0000,0.0000,0.0000,1,0.0,0,1.000,0.0145,0.0000,3.55,0,0,1.0000,
222,M4,D1,light,25,Australia/Melbourne,2027-05-10,false,0.85,0.849,false,120,7,0,0,0,0,0,0,0,0,0,0,0,0.0,1.0000,0.0,0.0,1.0000,1.0000,0.0000,0.0000,1,0.0,0,1.000,0.0145,0.0000,2.07,0,0,1.0000,
223,M2,D2,light,0,Australia/Hobart,2026-11-16,false,0.95,0.942,true,120,15,0,0,0,0,0,0,0,0,0,0,0,0.0,1.0000,0.0,0.0,1.0000,1.0000,0.0000,0.0000,0,0.0,0,0.000,0.0235,0.0000,3.65,0,0,1.0000,
223,M4,D2,light,0,Australia/Hobart,2026-11-16,false,0.95,0.942,true,120,15,0,0,0,0,0,0,0,0,0,0,0,0.0,1.0000,0.0,0.0,1.0000,1.0000,0.0000,0.0000,0,0.0,0,0.000,0.0235,0.0000,1.99,0,0,1.0000,
224,M2,D3,light,0,Australia/Sydney,2026-11-02,false,1.1,1.096,false,150,20,0,0,0,0,0,0,0,0,0,0,0,0.0,1.0000,0.0,0.0,1.0000,1.0000,0.0000,0.0000,0,0.0,0,0.000,0.0000,0.0000,3.91,0,0,1.0000,
224,M4,D3,light,0,Australia/Sydney,2026-11-02,false,1.1,1.096,false,150,20,0,0,0,0,0,0,0,0,0,0,0,0.0,1.0000,0.0,0.0,1.0000,1.0000,0.0000,0.0000,0,0.0,0,0.000,0.0000,0.0000,1.99,0,0,1.0000,
225,M2,D4,light,0,Australia/Sydney,2026-11-16,false,0.5,0.500,true,150,6,0,0,0,0,0,0,0,0,0,0,0,0.0,1.0000,0.0,0.0,1.0000,0.7500,0.2500,0.0000,1,2625.0,2,2.193,0.0000,0.0000,4.05,0,0,1.0000,
225,M4,D4,light,0,Australia/Sydney,2026-11-16,false,0.5,0.500,true,150,6,0,0,0,0,0,0,0,0,0,0,0,0.0,1.0000,0.0,0.0,1.0000,1.0000,0.0000,0.0000,0,0.0,0,0.000,0.0000,0.0000,2.32,0,0,1.0000,
226,M2,D5,heavy,210,Australia/Hobart,2026-10-12,false,0.7,0.705,false,120,9,0,0,0,0,0,0,0,0,0,0,0,0.0,1.0000,0.0,0.0,1.0000,0.6000,0.3500,0.0500,6,4405.0,3,10.223,0.0000,0.0000,3.75,0,0,1.0000,
226,M4,D5,heavy,210,Australia/Hobart,2026-10-12,false,0.7,0.705,false,120,9,0,0,0,0,0,0,0,0,0,0,0,0.0,1.0000,0.0,0.0,1.0000,1.0000,0.0000,0.0000,6,0.0,0,3.003,0.0000,0.0000,2.22,0,0,1.0000,
227,M2,D6,heavy,260,Australia/Darwin,2027-05-10,false,0.85,0.853,false,240,20,0,0,0,0,0,0,0,0,0,0,0,0.0,0.9826,85.0,85.0,0.9000,0.3741,0.5782,0.0476,1,104490.0,53,56.296,0.0000,0.0000,4.07,0,0,1.0000,
227,M4,D6,heavy,260,Australia/Darwin,2027-05-10,false,0.85,0.853,false,240,20,0,0,0,0,0,0,0,0,0,0,0,0.0,1.0000,0.0,0.0,1.0000,0.8299,0.1701,0.0000,2,145290.0,25,34.288,0.0000,0.0000,512.05,0,0,1.0000,
228,M2,D1,light,55,America/Los_Angeles,2026-11-02,false,0.95,0.950,true,150,17,0,0,0,0,0,0,0,0,0,0,0,0.0,0.9817,90.0,45.0,0.9412,0.9483,0.0345,0.0172,0,140.0,0,5.777,0.0527,0.0000,4.24,0,0,1.0000,
228,M4,D1,light,55,America/Los_Angeles,2026-11-02,false,0.95,0.950,true,150,17,0,0,0,0,0,0,0,0,0,0,0,0.0,1.0000,0.0,0.0,1.0000,1.0000,0.0000,0.0000,1,0.0,0,0.920,0.0527,0.0000,2.32,0,0,1.0000,
229,M2,D2,light,50,Australia/Adelaide,2026-11-02,false,1.1,1.085,true,240,20,0,0,0,0,0,0,0,0,0,0,0,0.0,1.0000,0.0,0.0,1.0000,0.9576,0.0424,0.0000,0,300.0,0,1.457,0.0679,0.0000,3.77,0,0,1.0000,
229,M4,D2,light,50,Australia/Adelaide,2026-11-02,false,1.1,1.085,true,240,20,0,0,0,0,0,0,0,0,0,0,0,0.0,1.0000,0.0,0.0,1.0000,0.9915,0.0085,0.0000,0,315.0,0,0.598,0.0679,0.0000,1.80,0,0,1.0000,
230,M2,D3,medium,100,Australia/Brisbane,2026-10-19,false,0.5,0.500,false,210,7,0,0,0,0,0,0,0,0,0,0,0,0.0,1.0000,0.0,0.0,1.0000,0.7627,0.2373,0.0000,0,8325.0,6,14.421,0.0092,0.0000,3.15,0,0,1.0000,
230,M4,D3,medium,100,Australia/Brisbane,2026-10-19,false,0.5,0.500,false,210,7,0,0,0,0,0,0,0,0,0,0,0,0.0,1.0000,0.0,0.0,1.0000,0.9322,0.0678,0.0000,0,3435.0,4,11.412,0.0092,0.0000,1.96,0,0,1.0000,
231,M2,D4,heavy,270,America/Los_Angeles,2027-03-15,false,0.7,0.702,false,90,6,0,0,0,0,0,0,0,0,0,0,0,0.0,1.0000,0.0,0.0,1.0000,0.7778,0.2222,0.0000,0,1080.0,0,1.171,0.0000,0.0000,3.22,0,0,1.0000,
231,M4,D4,heavy,270,America/Los_Angeles,2027-03-15,false,0.7,0.702,false,90,6,0,0,0,0,0,0,0,0,0,0,0,0.0,1.0000,0.0,0.0,1.0000,0.7778,0.2222,0.0000,0,1080.0,0,1.171,0.0000,0.0000,2.21,0,0,1.0000,
232,M2,D5,medium,60,America/Los_Angeles,2026-09-21,false,0.85,0.853,true,240,21,0,0,0,0,0,0,0,0,0,0,0,0.0,1.0000,0.0,0.0,1.0000,0.4810,0.4810,0.0380,4,20230.0,10,11.503,0.0000,0.0000,4.48,0,0,1.0000,
232,M4,D5,medium,60,America/Los_Angeles,2026-09-21,false,0.85,0.853,true,240,21,0,0,0,0,0,0,0,0,0,0,0,0.0,1.0000,0.0,0.0,1.0000,0.9747,0.0253,0.0000,2,9700.0,2,1.510,0.0022,0.0000,3.86,0,0,1.0000,
233,M2,D6,light,50,Australia/Brisbane,2026-10-19,false,0.95,0.946,false,120,15,0,0,0,0,0,0,0,0,0,0,0,0.0,1.0000,0.0,0.0,1.0000,0.4884,0.4186,0.0930,2,14435.0,6,9.281,0.1050,0.0000,3.67,0,0,1.0000,
233,M4,D6,light,50,Australia/Brisbane,2026-10-19,false,0.95,0.946,false,120,15,0,0,0,0,0,0,0,0,0,0,0,0.0,1.0000,0.0,0.0,1.0000,0.9767,0.0233,0.0000,1,9545.0,1,0.554,0.1050,0.0000,19.16,0,0,1.0000,
234,M2,D1,light,15,Australia/Brisbane,2026-11-02,false,1.1,1.102,true,210,20,0,0,0,0,0,0,0,0,0,0,0,0.0,0.9362,640.0,275.0,0.8500,0.9889,0.0111,0.0000,1,30.0,0,1.440,0.0000,0.0000,3.10,255,9,0.9746,
234,M4,D1,light,15,Australia/Brisbane,2026-11-02,false,1.1,1.102,true,210,20,0,0,0,0,0,0,0,0,0,0,0,0.0,0.9432,570.0,285.0,0.9000,0.9778,0.0000,0.0222,4,0.0,0,2.530,0.0000,0.0000,3.10,255,9,0.9746,
235,M2,D2,medium,85,Australia/Brisbane,2027-05-10,false,0.5,0.500,false,210,7,0,0,0,0,0,0,0,0,0,0,0,0.0,1.0000,0.0,0.0,1.0000,0.9318,0.0682,0.0000,0,1770.0,1,2.661,0.0561,0.0000,3.05,0,0,1.0000,
235,M4,D2,medium,85,Australia/Brisbane,2027-05-10,false,0.5,0.500,false,210,7,0,0,0,0,0,0,0,0,0,0,0,0.0,1.0000,0.0,0.0,1.0000,0.9545,0.0455,0.0000,0,330.0,0,1.717,0.0561,0.0000,1.88,0,0,1.0000,
236,M2,D3,light,0,Australia/Melbourne,2027-02-08,false,0.7,0.701,true,120,6,0,0,0,0,0,0,0,0,0,0,0,0.0,1.0000,0.0,0.0,1.0000,1.0000,0.0000,0.0000,0,0.0,0,0.000,0.0494,0.0000,3.53,0,0,1.0000,
236,M4,D3,light,0,Australia/Melbourne,2027-02-08,false,0.7,0.701,true,120,6,0,0,0,0,0,0,0,0,0,0,0,0.0,1.0000,0.0,0.0,1.0000,1.0000,0.0000,0.0000,0,0.0,0,0.000,0.0494,0.0000,2.14,0,0,1.0000,
237,M2,D4,medium,70,Australia/Darwin,2026-11-16,false,0.85,0.845,true,180,20,0,0,0,0,0,0,0,0,0,0,0,0.0,1.0000,0.0,0.0,1.0000,0.4118,0.5882,0.0000,2,18245.0,3,18.874,0.0974,0.0000,4.38,0,0,1.0000,
237,M4,D4,medium,70,Australia/Darwin,2026-11-16,false,0.85,0.845,true,180,20,0,0,0,0,0,0,0,0,0,0,0,0.0,1.0000,0.0,0.0,1.0000,0.9647,0.0353,0.0000,0,895.0,0,1.413,0.0974,0.0000,2.06,0,0,1.0000,
238,M2,D5,medium,60,Europe/London,2026-11-16,false,0.95,0.946,true,240,21,0,0,0,0,0,0,0,0,0,0,0,0.0,0.9905,75.0,60.0,0.8947,0.6857,0.3048,0.0095,2,31875.0,11,13.332,0.0358,0.0000,4.03,0,0,1.0000,
238,M4,D5,medium,60,Europe/London,2026-11-16,false,0.95,0.946,true,240,21,0,0,0,0,0,0,0,0,0,0,0,0.0,1.0000,0.0,0.0,1.0000,0.9619,0.0381,0.0000,6,32625.0,4,3.925,0.0358,0.0000,4.23,0,0,1.0000,
239,M2,D6,light,25,Australia/Sydney,2026-11-16,false,1.1,1.101,true,90,13,0,0,0,0,0,0,0,0,0,0,0,0.0,0.9684,120.0,60.0,0.9231,0.9385,0.0615,0.0000,1,170.0,0,1.227,0.0080,0.0000,3.78,0,0,1.0000,
239,M4,D6,light,25,Australia/Sydney,2026-11-16,false,1.1,1.101,true,90,13,0,0,0,0,0,0,0,0,0,0,0,0.0,0.9921,30.0,15.0,0.9231,0.9692,0.0308,0.0000,3,26760.0,2,1.965,0.0080,0.0000,3.52,0,0,1.0000,
240,M2,D1,light,30,Australia/Perth,2026-11-02,false,0.5,0.563,true,120,6,0,0,0,0,0,0,0,0,0,0,0,0.0,1.0000,0.0,0.0,1.0000,0.9767,0.0233,0.0000,1,40.0,0,1.644,0.0464,0.0000,2.60,0,0,1.0000,
240,M4,D1,light,30,Australia/Perth,2026-11-02,false,0.5,0.563,true,120,6,0,0,0,0,0,0,0,0,0,0,0,0.0,1.0000,0.0,0.0,1.0000,1.0000,0.0000,0.0000,0,0.0,0,0.000,0.0557,0.0000,1.70,0,0,1.0000,
