seed,utilisation,escalated,m4_coverage,m4_changed,local_coverage,local_changed,local_violations
1000,0.5,0,1.00000,0,1.00000,0,0
1001,0.7,0,1.00000,0,1.00000,0,0
1002,0.85,0,1.00000,1,1.00000,1,0
1003,0.95,0,1.00000,1,1.00000,1,0
1004,1.1,0,0.86963,9,0.86963,9,0
1005,0.5,0,1.00000,9,1.00000,9,0
1006,0.7,0,1.00000,2,1.00000,2,0
1007,0.85,0,1.00000,1,1.00000,1,0
1008,0.95,1,1.00000,15,0.99352,1,0
1009,1.1,0,0.95671,4,0.95671,4,0
1010,0.5,0,1.00000,1,1.00000,1,0
1011,0.7,0,1.00000,0,1.00000,0,0
1012,0.85,0,1.00000,0,1.00000,0,0
1013,0.95,0,1.00000,3,1.00000,3,0
1014,1.1,0,1.00000,0,1.00000,0,0
1015,0.5,0,1.00000,0,1.00000,0,0
1016,0.7,0,1.00000,3,1.00000,3,0
1017,0.85,0,1.00000,0,1.00000,0,0
1018,0.95,0,1.00000,4,1.00000,4,0
1019,1.1,1,0.97522,41,0.93003,10,0
1020,0.5,0,1.00000,0,1.00000,0,0
1021,0.7,0,1.00000,0,1.00000,0,0
1022,0.85,1,1.00000,25,0.95711,8,0
1023,0.95,0,1.00000,8,1.00000,8,0
1024,1.1,0,0.96738,3,0.96738,3,0
1025,0.5,0,1.00000,0,1.00000,0,0
1026,0.7,0,1.00000,2,1.00000,2,0
1027,0.85,0,1.00000,0,1.00000,0,0
1028,0.95,0,1.00000,0,1.00000,0,0
1029,1.1,0,1.00000,0,1.00000,0,0
1030,0.5,0,1.00000,0,1.00000,0,0
1031,0.7,0,1.00000,6,1.00000,6,0
1032,0.85,0,1.00000,1,1.00000,1,0
1033,0.95,0,1.00000,2,1.00000,2,0
1034,1.1,0,1.00000,0,1.00000,0,0
1035,0.5,0,1.00000,0,1.00000,0,0
1036,0.7,0,1.00000,6,1.00000,6,0
1037,0.85,0,1.00000,3,1.00000,3,0
1038,0.95,0,1.00000,0,1.00000,0,0
1039,1.1,0,1.00000,2,1.00000,2,0
1040,0.5,0,1.00000,5,1.00000,5,0
1041,0.7,0,1.00000,0,1.00000,0,0
1042,0.85,0,1.00000,8,1.00000,8,0
1043,0.95,0,1.00000,6,1.00000,6,0
1044,1.1,0,1.00000,2,1.00000,2,0
1045,0.5,0,1.00000,0,1.00000,0,0
1046,0.7,0,1.00000,0,1.00000,0,0
1047,0.85,0,1.00000,0,1.00000,0,0
1048,0.95,0,1.00000,6,1.00000,6,0
1049,1.1,1,0.98186,13,0.96825,4,0
1050,0.5,0,1.00000,0,1.00000,0,0
1051,0.7,0,1.00000,3,1.00000,3,0
1052,0.85,0,0.98176,11,0.98176,11,0
1053,0.95,0,1.00000,16,1.00000,16,0
1054,1.1,1,1.00000,4,0.98944,1,0
1055,0.5,0,1.00000,6,1.00000,6,0
1056,0.7,0,1.00000,0,1.00000,0,0
1057,0.85,0,1.00000,0,1.00000,0,0
1058,0.95,0,1.00000,0,1.00000,0,0
1059,1.1,0,1.00000,1,1.00000,1,0
1060,0.5,0,1.00000,0,1.00000,0,0
1061,0.7,0,1.00000,0,1.00000,0,0
1062,0.85,0,1.00000,0,1.00000,0,0
1063,0.95,0,1.00000,0,1.00000,0,0
1064,1.1,0,0.99257,9,0.99257,9,0
1065,0.5,0,1.00000,0,1.00000,0,0
1066,0.7,0,1.00000,0,1.00000,0,0
1067,0.85,1,1.00000,14,0.97479,8,0
1068,0.95,0,1.00000,0,1.00000,0,0
1069,1.1,0,1.00000,3,1.00000,3,0
1070,0.5,0,1.00000,4,1.00000,4,0
1071,0.7,0,1.00000,0,1.00000,0,0
1072,0.85,0,1.00000,4,1.00000,4,0
1073,0.95,0,1.00000,5,1.00000,5,0
1074,1.1,0,1.00000,1,1.00000,1,0
1075,0.5,0,1.00000,0,1.00000,0,0
1076,0.7,0,1.00000,1,1.00000,1,0
1077,0.85,0,1.00000,0,1.00000,0,0
1078,0.95,1,1.00000,24,0.94134,2,0
1079,1.1,1,0.97380,36,0.93231,6,0
1080,0.5,0,1.00000,0,1.00000,0,0
1081,0.7,0,1.00000,1,1.00000,1,0
1082,0.85,0,1.00000,1,1.00000,1,0
1083,0.95,0,1.00000,0,1.00000,0,0
1084,1.1,0,1.00000,3,1.00000,3,0
1085,0.5,0,1.00000,0,1.00000,0,0
1086,0.7,0,1.00000,0,1.00000,0,0
1087,0.85,0,1.00000,0,1.00000,0,0
1088,0.95,0,1.00000,0,1.00000,0,0
1089,1.1,0,1.00000,0,1.00000,0,0
1090,0.5,0,1.00000,3,1.00000,3,0
1091,0.7,0,1.00000,0,1.00000,0,0
1092,0.85,0,1.00000,1,1.00000,1,0
1093,0.95,1,0.90793,7,0.88576,2,0
1094,1.1,1,0.98246,34,0.93792,3,0
1095,0.5,0,1.00000,0,1.00000,0,0
1096,0.7,0,1.00000,2,1.00000,2,0
1097,0.85,0,1.00000,4,1.00000,4,0
1098,0.95,0,1.00000,2,1.00000,2,0
1099,1.1,0,1.00000,0,1.00000,0,0
1100,0.5,0,1.00000,0,1.00000,0,0
1101,0.7,0,1.00000,2,1.00000,2,0
1102,0.85,0,1.00000,3,1.00000,3,0
1103,0.95,0,1.00000,0,1.00000,0,0
1104,1.1,0,1.00000,1,1.00000,1,0
1105,0.5,0,1.00000,0,1.00000,0,0
1106,0.7,0,1.00000,0,1.00000,0,0
1107,0.85,0,1.00000,0,1.00000,0,0
1108,0.95,1,1.00000,33,0.91563,5,0
1109,1.1,1,0.89176,46,0.86745,43,0
1110,0.5,0,1.00000,0,1.00000,0,0
1111,0.7,0,1.00000,0,1.00000,0,0
1112,0.85,0,1.00000,0,1.00000,0,0
1113,0.95,0,1.00000,5,1.00000,5,0
1114,1.1,1,1.00000,30,0.94256,2,0
1115,0.5,0,1.00000,0,1.00000,0,0
1116,0.7,0,1.00000,0,1.00000,0,0
1117,0.85,0,1.00000,2,1.00000,2,0
1118,0.95,1,1.00000,24,0.98417,14,0
1119,1.1,0,1.00000,0,1.00000,0,0
1120,0.5,0,1.00000,0,1.00000,0,0
1121,0.7,0,1.00000,0,1.00000,0,0
1122,0.85,0,0.99034,0,0.99034,0,0
1123,0.95,0,1.00000,0,1.00000,0,0
1124,1.1,0,1.00000,7,1.00000,7,0
1125,0.5,0,1.00000,0,1.00000,0,0
1126,0.7,0,1.00000,7,1.00000,7,0
1127,0.85,0,1.00000,4,1.00000,4,0
1128,0.95,0,1.00000,0,1.00000,0,0
1129,1.1,0,1.00000,0,1.00000,0,0
1130,0.5,0,1.00000,4,1.00000,4,0
1131,0.7,0,1.00000,2,1.00000,2,0
1132,0.85,0,1.00000,0,1.00000,0,0
1133,0.95,1,1.00000,40,0.94955,18,0
1134,1.1,0,1.00000,4,1.00000,4,0
1135,0.5,0,1.00000,0,1.00000,0,0
1136,0.7,0,1.00000,0,1.00000,0,0
1137,0.85,0,0.99367,3,0.99367,3,0
1138,0.95,1,1.00000,36,0.96466,5,0
1139,1.1,1,1.00000,23,0.98289,5,0
1140,0.5,0,1.00000,0,1.00000,0,0
1141,0.7,0,1.00000,2,1.00000,2,0
1142,0.85,0,1.00000,2,1.00000,2,0
1143,0.95,0,1.00000,4,1.00000,4,0
1144,1.1,0,1.00000,2,1.00000,2,0
1145,0.5,0,1.00000,0,1.00000,0,0
1146,0.7,0,1.00000,0,1.00000,0,0
1147,0.85,0,1.00000,0,1.00000,0,0
1148,0.95,0,1.00000,0,1.00000,0,0
1149,1.1,0,1.00000,0,1.00000,0,0
1150,0.5,0,1.00000,0,1.00000,0,0
1151,0.7,0,1.00000,0,1.00000,0,0
1152,0.85,0,1.00000,1,1.00000,1,0
1153,0.95,0,1.00000,0,1.00000,0,0
1154,1.1,1,1.00000,41,0.92119,5,0
1155,0.5,0,1.00000,0,1.00000,0,0
1156,0.7,0,1.00000,5,1.00000,5,0
1157,0.85,0,1.00000,7,1.00000,7,0
1158,0.95,0,1.00000,2,1.00000,2,0
1159,1.1,0,1.00000,0,1.00000,0,0
1160,0.5,0,1.00000,1,1.00000,1,0
1161,0.7,0,1.00000,8,1.00000,8,0
1162,0.85,1,1.00000,10,0.99330,5,0
1163,0.95,0,1.00000,7,1.00000,7,0
1164,1.1,1,1.00000,33,0.97706,4,0
1165,0.5,0,1.00000,0,1.00000,0,0
1166,0.7,0,1.00000,1,1.00000,1,0
1167,0.85,0,1.00000,0,1.00000,0,0
1168,0.95,0,1.00000,2,1.00000,2,0
1169,1.1,0,1.00000,3,1.00000,3,0
1170,0.5,0,1.00000,0,1.00000,0,0
1171,0.7,0,1.00000,3,1.00000,3,0
1172,0.85,0,1.00000,0,1.00000,0,0
1173,0.95,0,1.00000,4,1.00000,4,0
1174,1.1,0,0.73724,5,0.73724,5,0
1175,0.5,0,1.00000,3,1.00000,3,0
1176,0.7,0,1.00000,0,1.00000,0,0
1177,0.85,0,1.00000,0,1.00000,0,0
1178,0.95,0,1.00000,11,1.00000,11,0
1179,1.1,0,1.00000,32,1.00000,32,0
1180,0.5,0,1.00000,0,1.00000,0,0
1181,0.7,0,1.00000,5,1.00000,5,0
1182,0.85,0,1.00000,0,1.00000,0,0
1183,0.95,0,1.00000,0,1.00000,0,0
1184,1.1,0,0.96544,5,0.96544,5,0
1185,0.5,0,1.00000,0,1.00000,0,0
1186,0.7,0,1.00000,3,1.00000,3,0
1187,0.85,0,1.00000,0,1.00000,0,0
1188,0.95,0,1.00000,0,1.00000,0,0
1189,1.1,0,1.00000,0,1.00000,0,0
1190,0.5,0,1.00000,3,1.00000,3,0
1191,0.7,0,1.00000,0,1.00000,0,0
1192,0.85,1,1.00000,35,0.95941,8,0
1193,0.95,1,0.92505,22,0.82249,11,0
1194,1.1,1,0.94419,11,0.92765,4,0
1195,0.5,0,1.00000,0,1.00000,0,0
1196,0.7,0,1.00000,5,1.00000,5,0
1197,0.85,0,0.99903,22,0.99903,22,0
1198,0.95,0,1.00000,7,1.00000,7,0
1199,1.1,0,1.00000,2,1.00000,2,0
1200,0.5,0,1.00000,0,1.00000,0,0
1201,0.7,0,1.00000,0,1.00000,0,0
1202,0.85,1,1.00000,46,0.93827,8,0
1203,0.95,0,1.00000,26,1.00000,26,0
1204,1.1,1,1.00000,15,0.96837,3,0
1205,0.5,0,1.00000,0,1.00000,0,0
1206,0.7,0,1.00000,0,1.00000,0,0
1207,0.85,0,1.00000,1,1.00000,1,0
1208,0.95,0,1.00000,6,1.00000,6,0
1209,1.1,0,1.00000,0,1.00000,0,0
1210,0.5,0,1.00000,0,1.00000,0,0
1211,0.7,0,1.00000,1,1.00000,1,0
1212,0.85,0,1.00000,1,1.00000,1,0
1213,0.95,0,1.00000,0,1.00000,0,0
1214,1.1,1,1.00000,16,0.97158,5,0
1215,0.5,0,1.00000,3,1.00000,3,0
1216,0.7,0,1.00000,8,1.00000,8,0
1217,0.85,0,1.00000,0,1.00000,0,0
1218,0.95,1,1.00000,15,0.98701,2,0
1219,1.1,0,0.91940,8,0.91940,8,0
1220,0.5,0,1.00000,0,1.00000,0,0
1221,0.7,0,1.00000,0,1.00000,0,0
1222,0.85,0,1.00000,3,1.00000,3,0
1223,0.95,0,1.00000,0,1.00000,0,0
1224,1.1,0,1.00000,0,1.00000,0,0
1225,0.5,0,1.00000,0,1.00000,0,0
1226,0.7,0,1.00000,0,1.00000,0,0
1227,0.85,0,1.00000,4,1.00000,4,0
1228,0.95,0,1.00000,5,1.00000,5,0
1229,1.1,1,0.99564,71,0.89744,4,0
1230,0.5,0,1.00000,0,1.00000,0,0
1231,0.7,0,1.00000,4,1.00000,4,0
1232,0.85,1,1.00000,26,0.97301,11,0
1233,0.95,0,1.00000,22,1.00000,22,0
1234,1.1,1,1.00000,23,0.99003,2,0
1235,0.5,0,1.00000,0,1.00000,0,0
1236,0.7,0,1.00000,1,1.00000,1,0
1237,0.85,0,1.00000,2,1.00000,2,0
1238,0.95,0,1.00000,5,1.00000,5,0
1239,1.1,0,1.00000,5,1.00000,5,0
1240,0.5,0,1.00000,0,1.00000,0,0
1241,0.7,0,1.00000,6,1.00000,6,0
1242,0.85,0,1.00000,0,1.00000,0,0
1243,0.95,0,1.00000,0,1.00000,0,0
1244,1.1,1,0.99170,19,0.97925,7,0
1245,0.5,0,1.00000,6,1.00000,6,0
1246,0.7,0,1.00000,2,1.00000,2,0
1247,0.85,0,1.00000,0,1.00000,0,0
1248,0.95,0,1.00000,0,1.00000,0,0
1249,1.1,0,1.00000,0,1.00000,0,0
1250,0.5,0,1.00000,1,1.00000,1,0
1251,0.7,0,1.00000,8,1.00000,8,0
1252,0.85,0,1.00000,4,1.00000,4,0
1253,0.95,0,1.00000,3,1.00000,3,0
1254,1.1,0,0.91369,8,0.91369,8,0
1255,0.5,0,1.00000,3,1.00000,3,0
1256,0.7,0,1.00000,3,1.00000,3,0
1257,0.85,0,1.00000,0,1.00000,0,0
1258,0.95,1,1.00000,21,0.98933,5,0
1259,1.1,1,0.97939,13,0.96788,5,0
1260,0.5,0,1.00000,0,1.00000,0,0
1261,0.7,0,1.00000,0,1.00000,0,0
1262,0.85,0,1.00000,6,1.00000,6,0
1263,0.95,0,1.00000,0,1.00000,0,0
1264,1.1,1,1.00000,32,0.94804,2,0
1265,0.5,0,1.00000,0,1.00000,0,0
1266,0.7,0,1.00000,0,1.00000,0,0
1267,0.85,0,1.00000,0,1.00000,0,0
1268,0.95,0,0.95276,4,0.95276,4,0
1269,1.1,0,0.86522,0,0.86522,0,0
1270,0.5,0,1.00000,2,1.00000,2,0
1271,0.7,0,1.00000,4,1.00000,4,0
1272,0.85,0,1.00000,0,1.00000,0,0
1273,0.95,0,1.00000,0,1.00000,0,0
1274,1.1,0,1.00000,0,1.00000,0,0
1275,0.5,0,1.00000,0,1.00000,0,0
1276,0.7,0,1.00000,4,1.00000,4,0
1277,0.85,0,1.00000,1,1.00000,1,0
1278,0.95,0,0.99816,6,0.99816,6,0
1279,1.1,0,0.92677,7,0.92677,7,0
1280,0.5,0,1.00000,0,1.00000,0,0
1281,0.7,0,1.00000,3,1.00000,3,0
1282,0.85,0,0.96537,0,0.96537,0,0
1283,0.95,0,1.00000,12,1.00000,12,0
1284,1.1,0,1.00000,0,1.00000,0,0
1285,0.5,0,1.00000,0,1.00000,0,0
1286,0.7,0,1.00000,3,1.00000,3,0
1287,0.85,0,1.00000,0,1.00000,0,0
1288,0.95,1,1.00000,16,0.98841,2,0
1289,1.1,1,1.00000,30,0.97150,15,0
1290,0.5,0,1.00000,0,1.00000,0,0
1291,0.7,0,1.00000,3,1.00000,3,0
1292,0.85,0,1.00000,4,1.00000,4,0
1293,0.95,0,1.00000,0,1.00000,0,0
1294,1.1,1,0.95012,29,0.93017,11,0
1295,0.5,0,1.00000,0,1.00000,0,0
1296,0.7,0,1.00000,0,1.00000,0,0
1297,0.85,0,1.00000,0,1.00000,0,0
1298,0.95,1,1.00000,9,0.99328,3,0
1299,1.1,0,1.00000,9,1.00000,9,0
1300,0.5,0,1.00000,0,1.00000,0,0
1301,0.7,0,1.00000,5,1.00000,5,0
1302,0.85,0,1.00000,0,1.00000,0,0
1303,0.95,0,1.00000,0,1.00000,0,0
1304,1.1,1,0.96678,59,0.93909,10,0
1305,0.5,0,1.00000,0,1.00000,0,0
1306,0.7,0,1.00000,0,1.00000,0,0
1307,0.85,0,1.00000,0,1.00000,0,0
1308,0.95,0,1.00000,2,1.00000,2,0
1309,1.1,0,1.00000,1,1.00000,1,0
1310,0.5,0,1.00000,1,1.00000,1,0
1311,0.7,0,1.00000,0,1.00000,0,0
1312,0.85,0,1.00000,6,1.00000,6,0
1313,0.95,0,1.00000,2,1.00000,2,0
1314,1.1,0,1.00000,2,1.00000,2,0
1315,0.5,0,1.00000,0,1.00000,0,0
1316,0.7,0,1.00000,2,1.00000,2,0
1317,0.85,0,1.00000,2,1.00000,2,0
1318,0.95,0,1.00000,2,1.00000,2,0
1319,1.1,0,0.94994,10,0.94994,10,0
1320,0.5,0,1.00000,0,1.00000,0,0
1321,0.7,0,1.00000,0,1.00000,0,0
1322,0.85,0,1.00000,0,1.00000,0,0
1323,0.95,0,1.00000,0,1.00000,0,0
1324,1.1,1,1.00000,17,0.98340,0,0
1325,0.5,0,1.00000,3,1.00000,3,0
1326,0.7,0,1.00000,0,1.00000,0,0
1327,0.85,0,1.00000,0,1.00000,0,0
1328,0.95,0,1.00000,0,1.00000,0,0
1329,1.1,0,1.00000,10,1.00000,10,0
1330,0.5,0,1.00000,6,1.00000,6,0
1331,0.7,0,1.00000,0,1.00000,0,0
1332,0.85,0,1.00000,0,1.00000,0,0
1333,0.95,0,1.00000,0,1.00000,0,0
1334,1.1,0,0.83144,3,0.83144,3,0
1335,0.5,0,1.00000,0,1.00000,0,0
1336,0.7,0,1.00000,4,1.00000,4,0
1337,0.85,0,1.00000,0,1.00000,0,0
1338,0.95,0,1.00000,0,1.00000,0,0
1339,1.1,0,1.00000,0,1.00000,0,0
1340,0.5,0,1.00000,4,1.00000,4,0
1341,0.7,0,1.00000,1,1.00000,1,0
1342,0.85,0,1.00000,7,1.00000,7,0
1343,0.95,1,1.00000,14,0.96078,10,0
1344,1.1,0,1.00000,2,1.00000,2,0
1345,0.5,0,1.00000,0,1.00000,0,0
1346,0.7,0,1.00000,8,1.00000,8,0
1347,0.85,0,1.00000,0,1.00000,0,0
1348,0.95,1,1.00000,32,0.89948,1,0
1349,1.1,1,1.00000,28,0.98342,0,0
1350,0.5,0,1.00000,0,1.00000,0,0
1351,0.7,0,1.00000,0,1.00000,0,0
1352,0.85,1,1.00000,13,0.98993,10,0
1353,0.95,0,1.00000,3,1.00000,3,0
1354,1.1,1,1.00000,43,0.98413,2,0
1355,0.5,0,1.00000,1,1.00000,1,0
1356,0.7,0,1.00000,1,1.00000,1,0
1357,0.85,0,1.00000,0,1.00000,0,0
1358,0.95,0,1.00000,3,1.00000,3,0
1359,1.1,0,0.95476,6,0.95476,6,0
1360,0.5,0,1.00000,0,1.00000,0,0
1361,0.7,0,1.00000,1,1.00000,1,0
1362,0.85,0,1.00000,0,1.00000,0,0
1363,0.95,0,1.00000,1,1.00000,1,0
1364,1.1,0,0.88231,6,0.88231,6,0
1365,0.5,0,1.00000,0,1.00000,0,0
1366,0.7,0,1.00000,4,1.00000,4,0
1367,0.85,0,1.00000,0,1.00000,0,0
1368,0.95,0,1.00000,0,1.00000,0,0
1369,1.1,1,0.90123,2,0.89506,0,0
1370,0.5,0,1.00000,0,1.00000,0,0
1371,0.7,0,1.00000,0,1.00000,0,0
1372,0.85,0,1.00000,0,1.00000,0,0
1373,0.95,0,1.00000,0,1.00000,0,0
1374,1.1,0,1.00000,1,1.00000,1,0
1375,0.5,0,1.00000,0,1.00000,0,0
1376,0.7,0,1.00000,0,1.00000,0,0
1377,0.85,0,1.00000,6,1.00000,6,0
1378,0.95,1,1.00000,12,0.98400,6,0
1379,1.1,1,0.77048,23,0.76967,6,0
1380,0.5,0,1.00000,0,1.00000,0,0
1381,0.7,0,1.00000,0,1.00000,0,0
1382,0.85,0,1.00000,0,1.00000,0,0
1383,0.95,0,1.00000,1,1.00000,1,0
1384,1.1,1,1.00000,63,0.95900,0,0
1385,0.5,0,1.00000,0,1.00000,0,0
1386,0.7,0,1.00000,1,1.00000,1,0
1387,0.85,0,1.00000,4,1.00000,4,0
1388,0.95,0,1.00000,0,1.00000,0,0
1389,1.1,0,0.99063,3,0.99063,3,0
1390,0.5,0,1.00000,4,1.00000,4,0
1391,0.7,0,1.00000,0,1.00000,0,0
1392,0.85,0,1.00000,0,1.00000,0,0
1393,0.95,0,1.00000,1,1.00000,1,0
1394,1.1,1,1.00000,7,0.99810,6,0
1395,0.5,0,1.00000,12,1.00000,12,0
1396,0.7,0,1.00000,7,1.00000,7,0
1397,0.85,0,1.00000,1,1.00000,1,0
1398,0.95,0,1.00000,0,1.00000,0,0
1399,1.1,0,1.00000,0,1.00000,0,0
1400,0.5,0,1.00000,1,1.00000,1,0
1401,0.7,0,1.00000,0,1.00000,0,0
1402,0.85,0,1.00000,3,1.00000,3,0
1403,0.95,0,1.00000,13,1.00000,13,0
1404,1.1,0,1.00000,0,1.00000,0,0
1405,0.5,0,1.00000,0,1.00000,0,0
1406,0.7,0,1.00000,0,1.00000,0,0
1407,0.85,0,1.00000,0,1.00000,0,0
1408,0.95,1,1.00000,26,0.97189,4,0
1409,1.1,1,1.00000,7,0.99114,0,0
1410,0.5,0,1.00000,0,1.00000,0,0
1411,0.7,0,1.00000,0,1.00000,0,0
1412,0.85,1,1.00000,57,0.92111,8,0
1413,0.95,0,1.00000,0,1.00000,0,0
1414,1.1,1,1.00000,31,0.97436,3,0
1415,0.5,0,1.00000,0,1.00000,0,0
1416,0.7,0,1.00000,0,1.00000,0,0
1417,0.85,0,1.00000,1,1.00000,1,0
1418,0.95,0,1.00000,3,1.00000,3,0
1419,1.1,1,0.99356,15,0.98856,4,0
1420,0.5,0,1.00000,4,1.00000,4,0
1421,0.7,0,1.00000,3,1.00000,3,0
1422,0.85,0,1.00000,0,1.00000,0,0
1423,0.95,0,1.00000,2,1.00000,2,0
1424,1.1,0,1.00000,0,1.00000,0,0
1425,0.5,0,1.00000,3,1.00000,3,0
1426,0.7,0,1.00000,6,1.00000,6,0
1427,0.85,0,1.00000,6,1.00000,6,0
1428,0.95,0,1.00000,0,1.00000,0,0
1429,1.1,0,1.00000,0,1.00000,0,0
1430,0.5,0,1.00000,0,1.00000,0,0
1431,0.7,0,1.00000,1,1.00000,1,0
1432,0.85,0,1.00000,13,1.00000,13,0
1433,0.95,1,1.00000,55,0.85211,6,0
1434,1.1,1,0.95186,15,0.94457,0,0
1435,0.5,0,1.00000,3,1.00000,3,0
1436,0.7,0,0.99895,7,0.99895,7,0
1437,0.85,0,1.00000,0,1.00000,0,0
1438,0.95,1,1.00000,41,0.94987,3,0
1439,1.1,0,1.00000,3,1.00000,3,0
1440,0.5,0,1.00000,0,1.00000,0,0
1441,0.7,0,1.00000,0,1.00000,0,0
1442,0.85,0,1.00000,0,1.00000,0,0
1443,0.95,0,1.00000,9,1.00000,9,0
1444,1.1,1,1.00000,21,0.96748,3,0
1445,0.5,0,1.00000,0,1.00000,0,0
1446,0.7,0,1.00000,2,1.00000,2,0
1447,0.85,0,1.00000,0,1.00000,0,0
1448,0.95,0,1.00000,9,1.00000,9,0
1449,1.1,0,1.00000,0,1.00000,0,0
1450,0.5,0,1.00000,0,1.00000,0,0
1451,0.7,0,1.00000,4,1.00000,4,0
1452,0.85,0,1.00000,1,1.00000,1,0
1453,0.95,0,1.00000,2,1.00000,2,0
1454,1.1,0,1.00000,0,1.00000,0,0
1455,0.5,0,1.00000,0,1.00000,0,0
1456,0.7,0,1.00000,4,1.00000,4,0
1457,0.85,0,1.00000,11,1.00000,11,0
1458,0.95,1,0.93226,2,0.90968,0,0
1459,1.1,0,1.00000,8,1.00000,8,0
1460,0.5,0,1.00000,0,1.00000,0,0
1461,0.7,0,1.00000,3,1.00000,3,0
1462,0.85,0,1.00000,2,1.00000,2,0
1463,0.95,0,1.00000,3,1.00000,3,0
1464,1.1,1,1.00000,8,0.99325,2,0
1465,0.5,0,1.00000,2,1.00000,2,0
1466,0.7,0,1.00000,5,1.00000,5,0
1467,0.85,0,1.00000,1,1.00000,1,0
1468,0.95,0,1.00000,3,1.00000,3,0
1469,1.1,1,1.00000,17,0.98718,10,0
1470,0.5,0,1.00000,0,1.00000,0,0
1471,0.7,0,1.00000,3,1.00000,3,0
1472,0.85,0,1.00000,0,1.00000,0,0
1473,0.95,0,1.00000,0,1.00000,0,0
1474,1.1,1,1.00000,15,0.98684,8,0
1475,0.5,0,1.00000,3,1.00000,3,0
1476,0.7,0,1.00000,4,1.00000,4,0
1477,0.85,0,1.00000,0,1.00000,0,0
1478,0.95,0,1.00000,8,1.00000,8,0
1479,1.1,0,1.00000,3,1.00000,3,0
1480,0.5,0,1.00000,0,1.00000,0,0
1481,0.7,0,1.00000,2,1.00000,2,0
1482,0.85,0,1.00000,0,1.00000,0,0
1483,0.95,0,1.00000,0,1.00000,0,0
1484,1.1,1,0.99005,47,0.97637,8,0
1485,0.5,0,1.00000,0,1.00000,0,0
1486,0.7,0,1.00000,3,1.00000,3,0
1487,0.85,0,1.00000,4,1.00000,4,0
1488,0.95,1,1.00000,7,0.99353,2,0
1489,1.1,0,1.00000,0,1.00000,0,0
1490,0.5,0,1.00000,0,1.00000,0,0
1491,0.7,0,1.00000,6,1.00000,6,0
1492,0.85,0,1.00000,0,1.00000,0,0
1493,0.95,1,1.00000,70,0.93817,9,0
1494,1.1,1,1.00000,24,0.98726,4,0
1495,0.5,0,1.00000,1,1.00000,1,0
1496,0.7,0,1.00000,4,1.00000,4,0
1497,0.85,0,1.00000,0,1.00000,0,0
1498,0.95,1,1.00000,52,0.91232,2,0
1499,1.1,1,1.00000,58,0.93298,8,0
1500,0.5,0,1.00000,0,1.00000,0,0
1501,0.7,0,1.00000,1,1.00000,1,0
1502,0.85,0,1.00000,2,1.00000,2,0
1503,0.95,0,1.00000,1,1.00000,1,0
1504,1.1,0,1.00000,3,1.00000,3,0
1505,0.5,0,1.00000,0,1.00000,0,0
1506,0.7,0,1.00000,0,1.00000,0,0
1507,0.85,0,1.00000,1,1.00000,1,0
1508,0.95,1,1.00000,16,0.98883,1,0
1509,1.1,1,1.00000,38,0.98086,21,0
1510,0.5,0,1.00000,0,1.00000,0,0
1511,0.7,0,1.00000,2,1.00000,2,0
1512,0.85,0,1.00000,0,1.00000,0,0
1513,0.95,0,1.00000,0,1.00000,0,0
1514,1.1,1,0.89388,12,0.87075,3,0
1515,0.5,0,1.00000,6,1.00000,6,0
1516,0.7,0,1.00000,2,1.00000,2,0
1517,0.85,0,1.00000,0,1.00000,0,0
1518,0.95,0,1.00000,2,1.00000,2,0
1519,1.1,0,1.00000,0,1.00000,0,0
1520,0.5,0,1.00000,1,1.00000,1,0
1521,0.7,0,1.00000,0,1.00000,0,0
1522,0.85,0,1.00000,6,1.00000,6,0
1523,0.95,0,1.00000,0,1.00000,0,0
1524,1.1,0,0.94486,0,0.94486,0,0
1525,0.5,0,1.00000,0,1.00000,0,0
1526,0.7,0,1.00000,4,1.00000,4,0
1527,0.85,0,1.00000,0,1.00000,0,0
1528,0.95,0,1.00000,8,1.00000,8,0
1529,1.1,0,0.95806,1,0.95806,1,0
1530,0.5,0,1.00000,0,1.00000,0,0
1531,0.7,0,1.00000,0,1.00000,0,0
1532,0.85,0,1.00000,10,1.00000,10,0
1533,0.95,0,1.00000,2,1.00000,2,0
1534,1.1,1,1.00000,45,0.95516,0,0
1535,0.5,0,1.00000,5,1.00000,5,0
1536,0.7,0,1.00000,0,1.00000,0,0
1537,0.85,0,1.00000,2,1.00000,2,0
1538,0.95,0,1.00000,4,1.00000,4,0
1539,1.1,0,1.00000,0,1.00000,0,0
1540,0.5,0,1.00000,0,1.00000,0,0
1541,0.7,0,1.00000,0,1.00000,0,0
1542,0.85,0,1.00000,2,1.00000,2,0
1543,0.95,0,1.00000,0,1.00000,0,0
1544,1.1,1,1.00000,47,0.95222,14,0
1545,0.5,0,1.00000,0,1.00000,0,0
1546,0.7,0,1.00000,0,1.00000,0,0
1547,0.85,0,1.00000,11,1.00000,11,0
1548,0.95,0,1.00000,1,1.00000,1,0
1549,1.1,0,1.00000,2,1.00000,2,0
1550,0.5,0,1.00000,2,1.00000,2,0
1551,0.7,0,1.00000,1,1.00000,1,0
1552,0.85,0,1.00000,2,1.00000,2,0
1553,0.95,1,0.85950,19,0.80854,8,0
1554,1.1,0,1.00000,1,1.00000,1,0
1555,0.5,0,1.00000,0,1.00000,0,0
1556,0.7,0,1.00000,0,1.00000,0,0
1557,0.85,0,1.00000,0,1.00000,0,0
1558,0.95,1,1.00000,29,0.94533,4,0
1559,1.1,0,1.00000,1,1.00000,1,0
1560,0.5,0,1.00000,0,1.00000,0,0
1561,0.7,0,1.00000,0,1.00000,0,0
1562,0.85,0,1.00000,4,1.00000,4,0
1563,0.95,0,1.00000,2,1.00000,2,0
1564,1.1,0,0.95974,4,0.95974,4,0
1565,0.5,0,1.00000,0,1.00000,0,0
1566,0.7,0,1.00000,0,1.00000,0,0
1567,0.85,0,1.00000,0,1.00000,0,0
1568,0.95,0,1.00000,11,1.00000,11,0
1569,1.1,0,0.96891,19,0.96891,19,0
1570,0.5,0,1.00000,0,1.00000,0,0
1571,0.7,0,1.00000,1,1.00000,1,0
1572,0.85,1,1.00000,6,0.98039,0,0
1573,0.95,0,1.00000,0,1.00000,0,0
1574,1.1,0,1.00000,0,1.00000,0,0
1575,0.5,0,1.00000,0,1.00000,0,0
1576,0.7,0,1.00000,0,1.00000,0,0
1577,0.85,0,1.00000,7,1.00000,7,0
1578,0.95,0,1.00000,0,1.00000,0,0
1579,1.1,0,1.00000,3,1.00000,3,0
1580,0.5,0,1.00000,0,1.00000,0,0
1581,0.7,0,1.00000,0,1.00000,0,0
1582,0.85,1,1.00000,19,0.92174,4,0
1583,0.95,1,1.00000,22,0.97541,7,0
1584,1.1,0,0.99045,4,0.99045,4,0
1585,0.5,0,1.00000,0,1.00000,0,0
1586,0.7,0,1.00000,1,1.00000,1,0
1587,0.85,0,1.00000,0,1.00000,0,0
1588,0.95,0,1.00000,6,1.00000,6,0
1589,1.1,0,1.00000,2,1.00000,2,0
1590,0.5,0,1.00000,0,1.00000,0,0
1591,0.7,0,1.00000,0,1.00000,0,0
1592,0.85,0,1.00000,5,1.00000,5,0
1593,0.95,1,0.96321,4,0.96174,2,0
1594,1.1,0,0.97525,0,0.97525,0,0
1595,0.5,0,1.00000,0,1.00000,0,0
1596,0.7,0,1.00000,0,1.00000,0,0
1597,0.85,0,1.00000,1,1.00000,1,0
1598,0.95,0,1.00000,0,1.00000,0,0
1599,1.1,1,0.83246,4,0.83159,1,0
1600,0.5,0,1.00000,5,1.00000,5,0
1601,0.7,0,1.00000,0,1.00000,0,0
1602,0.85,0,1.00000,3,1.00000,3,0
1603,0.95,1,0.89655,5,0.89028,4,0
1604,1.1,0,1.00000,13,1.00000,13,0
1605,0.5,0,1.00000,0,1.00000,0,0
1606,0.7,0,1.00000,2,1.00000,2,0
1607,0.85,0,1.00000,0,1.00000,0,0
1608,0.95,1,1.00000,15,0.96691,0,0
1609,1.1,0,1.00000,2,1.00000,2,0
1610,0.5,0,1.00000,4,1.00000,4,0
1611,0.7,0,1.00000,0,1.00000,0,0
1612,0.85,1,1.00000,26,0.98639,3,0
1613,0.95,1,1.00000,54,0.92939,12,0
1614,1.1,0,1.00000,1,1.00000,1,0
1615,0.5,0,1.00000,1,1.00000,1,0
1616,0.7,0,1.00000,0,1.00000,0,0
1617,0.85,0,1.00000,1,1.00000,1,0
1618,0.95,0,1.00000,8,1.00000,8,0
1619,1.1,1,0.99080,30,0.96935,5,0
1620,0.5,0,1.00000,0,1.00000,0,0
1621,0.7,0,1.00000,2,1.00000,2,0
1622,0.85,0,1.00000,10,1.00000,10,0
1623,0.95,0,1.00000,1,1.00000,1,0
1624,1.1,0,0.98655,12,0.98655,12,0
1625,0.5,0,1.00000,0,1.00000,0,0
1626,0.7,0,1.00000,2,1.00000,2,0
1627,0.85,0,1.00000,4,1.00000,4,0
1628,0.95,1,1.00000,17,0.99078,10,0
1629,1.1,0,1.00000,4,1.00000,4,0
1630,0.5,0,1.00000,0,1.00000,0,0
1631,0.7,0,1.00000,0,1.00000,0,0
1632,0.85,0,1.00000,0,1.00000,0,0
1633,0.95,0,1.00000,0,1.00000,0,0
1634,1.1,0,0.97942,1,0.97942,1,0
1635,0.5,0,1.00000,0,1.00000,0,0
1636,0.7,0,1.00000,1,1.00000,1,0
1637,0.85,0,1.00000,1,1.00000,1,0
1638,0.95,0,1.00000,1,1.00000,1,0
1639,1.1,0,1.00000,0,1.00000,0,0
1640,0.5,0,1.00000,2,1.00000,2,0
1641,0.7,0,1.00000,6,1.00000,6,0
1642,0.85,0,1.00000,5,1.00000,5,0
1643,0.95,0,1.00000,6,1.00000,6,0
1644,1.1,0,1.00000,0,1.00000,0,0
1645,0.5,0,1.00000,0,1.00000,0,0
1646,0.7,0,1.00000,5,1.00000,5,0
1647,0.85,0,1.00000,0,1.00000,0,0
1648,0.95,1,1.00000,27,0.97153,5,0
1649,1.1,1,1.00000,22,0.96703,6,0
1650,0.5,0,1.00000,0,1.00000,0,0
1651,0.7,0,1.00000,0,1.00000,0,0
1652,0.85,0,1.00000,2,1.00000,2,0
1653,0.95,0,0.85935,0,0.85935,0,0
1654,1.1,0,1.00000,7,1.00000,7,0
1655,0.5,0,1.00000,0,1.00000,0,0
1656,0.7,0,1.00000,1,1.00000,1,0
1657,0.85,0,1.00000,2,1.00000,2,0
1658,0.95,0,1.00000,2,1.00000,2,0
1659,1.1,0,1.00000,36,1.00000,36,0
1660,0.5,0,1.00000,1,1.00000,1,0
1661,0.7,0,1.00000,1,1.00000,1,0
1662,0.85,0,1.00000,1,1.00000,1,0
1663,0.95,0,1.00000,0,1.00000,0,0
1664,1.1,1,1.00000,49,0.93387,7,0
1665,0.5,0,1.00000,0,1.00000,0,0
1666,0.7,0,1.00000,3,1.00000,3,0
1667,0.85,0,1.00000,1,1.00000,1,0
1668,0.95,0,1.00000,2,1.00000,2,0
1669,1.1,1,0.99509,4,0.99368,1,0
1670,0.5,0,1.00000,3,1.00000,3,0
1671,0.7,0,1.00000,0,1.00000,0,0
1672,0.85,0,1.00000,3,1.00000,3,0
1673,0.95,0,1.00000,0,1.00000,0,0
1674,1.1,0,0.99163,9,0.99163,9,0
1675,0.5,0,1.00000,0,1.00000,0,0
1676,0.7,0,1.00000,8,1.00000,8,0
1677,0.85,0,1.00000,0,1.00000,0,0
1678,0.95,1,1.00000,40,0.91270,3,0
1679,1.1,1,1.00000,57,0.89231,2,0
1680,0.5,0,1.00000,0,1.00000,0,0
1681,0.7,0,1.00000,2,1.00000,2,0
1682,0.85,0,1.00000,0,1.00000,0,0
1683,0.95,0,1.00000,1,1.00000,1,0
1684,1.1,1,1.00000,13,0.99046,2,0
1685,0.5,0,1.00000,0,1.00000,0,0
1686,0.7,0,1.00000,0,1.00000,0,0
1687,0.85,0,1.00000,0,1.00000,0,0
1688,0.95,0,1.00000,2,1.00000,2,0
1689,1.1,0,0.98469,6,0.98469,6,0
1690,0.5,0,1.00000,0,1.00000,0,0
1691,0.7,0,1.00000,1,1.00000,1,0
1692,0.85,0,1.00000,1,1.00000,1,0
1693,0.95,0,1.00000,6,1.00000,6,0
1694,1.1,1,1.00000,66,0.91681,5,0
1695,0.5,0,1.00000,0,1.00000,0,0
1696,0.7,0,1.00000,2,1.00000,2,0
1697,0.85,0,1.00000,8,1.00000,8,0
1698,0.95,0,1.00000,1,1.00000,1,0
1699,1.1,0,0.99020,6,0.99020,6,0
1700,0.5,0,1.00000,5,1.00000,5,0
1701,0.7,0,1.00000,19,1.00000,19,0
1702,0.85,0,1.00000,2,1.00000,2,0
1703,0.95,0,1.00000,0,1.00000,0,0
1704,1.1,1,1.00000,12,0.98214,1,0
1705,0.5,0,1.00000,0,1.00000,0,0
1706,0.7,0,1.00000,2,1.00000,2,0
1707,0.85,0,1.00000,0,1.00000,0,0
1708,0.95,1,1.00000,39,0.93927,3,0
1709,1.1,1,1.00000,24,0.98058,7,0
1710,0.5,0,1.00000,0,1.00000,0,0
1711,0.7,0,1.00000,0,1.00000,0,0
1712,0.85,0,1.00000,2,1.00000,2,0
1713,0.95,0,1.00000,0,1.00000,0,0
1714,1.1,1,0.97404,23,0.97263,6,0
1715,0.5,0,1.00000,2,1.00000,2,0
1716,0.7,0,1.00000,0,1.00000,0,0
1717,0.85,0,1.00000,0,1.00000,0,0
1718,0.95,0,0.93103,9,0.93103,9,0
1719,1.1,0,1.00000,0,1.00000,0,0
1720,0.5,0,1.00000,0,1.00000,0,0
1721,0.7,0,1.00000,8,1.00000,8,0
1722,0.85,0,1.00000,0,1.00000,0,0
1723,0.95,0,1.00000,0,1.00000,0,0
1724,1.1,1,0.97718,44,0.94904,4,0
1725,0.5,0,1.00000,3,1.00000,3,0
1726,0.7,0,1.00000,6,1.00000,6,0
1727,0.85,0,1.00000,6,1.00000,6,0
1728,0.95,0,1.00000,0,1.00000,0,0
1729,1.1,0,1.00000,2,1.00000,2,0
1730,0.5,0,1.00000,0,1.00000,0,0
1731,0.7,0,1.00000,0,1.00000,0,0
1732,0.85,0,1.00000,5,1.00000,5,0
1733,0.95,0,1.00000,6,1.00000,6,0
1734,1.1,1,0.93636,21,0.93455,7,0
1735,0.5,0,1.00000,1,1.00000,1,0
1736,0.7,0,1.00000,8,1.00000,8,0
1737,0.85,0,1.00000,0,1.00000,0,0
1738,0.95,1,1.00000,20,0.96552,5,0
1739,1.1,1,1.00000,40,0.97602,0,0
1740,0.5,0,1.00000,0,1.00000,0,0
1741,0.7,0,1.00000,0,1.00000,0,0
1742,0.85,0,1.00000,3,1.00000,3,0
1743,0.95,0,0.99543,12,0.99543,12,0
1744,1.1,0,0.93773,0,0.93773,0,0
1745,0.5,0,1.00000,6,1.00000,6,0
1746,0.7,0,1.00000,0,1.00000,0,0
1747,0.85,0,1.00000,0,1.00000,0,0
1748,0.95,0,1.00000,18,1.00000,18,0
1749,1.1,0,1.00000,0,1.00000,0,0
1750,0.5,0,1.00000,0,1.00000,0,0
1751,0.7,0,1.00000,1,1.00000,1,0
1752,0.85,0,1.00000,0,1.00000,0,0
1753,0.95,0,1.00000,0,1.00000,0,0
1754,1.1,0,1.00000,8,1.00000,8,0
1755,0.5,0,1.00000,0,1.00000,0,0
1756,0.7,0,1.00000,2,1.00000,2,0
1757,0.85,0,1.00000,0,1.00000,0,0
1758,0.95,0,1.00000,0,1.00000,0,0
1759,1.1,0,1.00000,0,1.00000,0,0
1760,0.5,0,1.00000,0,1.00000,0,0
1761,0.7,0,1.00000,6,1.00000,6,0
1762,0.85,0,1.00000,8,1.00000,8,0
1763,0.95,0,1.00000,7,1.00000,7,0
1764,1.1,1,0.99372,21,0.97488,0,0
1765,0.5,0,1.00000,2,1.00000,2,0
1766,0.7,0,1.00000,2,1.00000,2,0
1767,0.85,0,0.99082,6,0.99082,6,0
1768,0.95,0,1.00000,3,1.00000,3,0
1769,1.1,0,1.00000,0,1.00000,0,0
1770,0.5,0,1.00000,0,1.00000,0,0
1771,0.7,0,1.00000,3,1.00000,3,0
1772,0.85,0,1.00000,4,1.00000,4,0
1773,0.95,0,1.00000,2,1.00000,2,0
1774,1.1,0,1.00000,6,1.00000,6,0
1775,0.5,0,1.00000,0,1.00000,0,0
1776,0.7,0,1.00000,0,1.00000,0,0
1777,0.85,0,1.00000,1,1.00000,1,0
1778,0.95,0,1.00000,5,1.00000,5,0
1779,1.1,0,1.00000,33,1.00000,33,0
1780,0.5,0,1.00000,0,1.00000,0,0
1781,0.7,0,1.00000,0,1.00000,0,0
1782,0.85,0,1.00000,2,1.00000,2,0
1783,0.95,1,0.98330,7,0.96451,4,0
1784,1.1,1,1.00000,43,0.95254,9,0
1785,0.5,0,1.00000,0,1.00000,0,0
1786,0.7,0,1.00000,4,1.00000,4,0
1787,0.85,0,1.00000,9,1.00000,9,0
1788,0.95,0,1.00000,4,1.00000,4,0
1789,1.1,0,1.00000,0,1.00000,0,0
1790,0.5,0,1.00000,0,1.00000,0,0
1791,0.7,0,0.99067,11,0.99067,11,0
1792,0.85,0,1.00000,4,1.00000,4,0
1793,0.95,0,1.00000,17,1.00000,17,0
1794,1.1,1,1.00000,4,0.99353,1,0
1795,0.5,0,1.00000,0,1.00000,0,0
1796,0.7,0,1.00000,1,1.00000,1,0
1797,0.85,0,1.00000,1,1.00000,1,0
1798,0.95,0,1.00000,2,1.00000,2,0
1799,1.1,0,0.93256,7,0.93256,7,0
1800,0.5,0,1.00000,0,1.00000,0,0
1801,0.7,0,1.00000,3,1.00000,3,0
1802,0.85,0,1.00000,0,1.00000,0,0
1803,0.95,0,1.00000,6,1.00000,6,0
1804,1.1,1,0.99667,40,0.97073,8,0
1805,0.5,0,1.00000,3,1.00000,3,0
1806,0.7,0,1.00000,0,1.00000,0,0
1807,0.85,0,1.00000,2,1.00000,2,0
1808,0.95,0,1.00000,3,1.00000,3,0
1809,1.1,0,1.00000,0,1.00000,0,0
1810,0.5,0,1.00000,4,1.00000,4,0
1811,0.7,0,1.00000,3,1.00000,3,0
1812,0.85,0,1.00000,0,1.00000,0,0
1813,0.95,0,1.00000,2,1.00000,2,0
1814,1.1,1,0.95027,9,0.93250,3,0
1815,0.5,0,1.00000,0,1.00000,0,0
1816,0.7,0,1.00000,0,1.00000,0,0
1817,0.85,0,1.00000,3,1.00000,3,0
1818,0.95,0,1.00000,0,1.00000,0,0
1819,1.1,0,1.00000,0,1.00000,0,0
1820,0.5,0,1.00000,3,1.00000,3,0
1821,0.7,0,0.99780,7,0.99780,7,0
1822,0.85,0,1.00000,6,1.00000,6,0
1823,0.95,0,0.99806,22,0.99806,22,0
1824,1.1,0,1.00000,0,1.00000,0,0
1825,0.5,0,1.00000,0,1.00000,0,0
1826,0.7,0,1.00000,2,1.00000,2,0
1827,0.85,0,1.00000,2,1.00000,2,0
1828,0.95,0,1.00000,2,1.00000,2,0
1829,1.1,0,1.00000,33,1.00000,33,0
1830,0.5,0,1.00000,0,1.00000,0,0
1831,0.7,0,1.00000,0,1.00000,0,0
1832,0.85,0,0.98450,1,0.98450,1,0
1833,0.95,0,1.00000,1,1.00000,1,0
1834,1.1,1,1.00000,35,0.93510,2,0
1835,0.5,0,1.00000,0,1.00000,0,0
1836,0.7,0,1.00000,0,1.00000,0,0
1837,0.85,0,1.00000,1,1.00000,1,0
1838,0.95,0,1.00000,5,1.00000,5,0
1839,1.1,0,1.00000,4,1.00000,4,0
1840,0.5,0,1.00000,7,1.00000,7,0
1841,0.7,0,1.00000,3,1.00000,3,0
1842,0.85,0,1.00000,0,1.00000,0,0
1843,0.95,0,1.00000,0,1.00000,0,0
1844,1.1,0,1.00000,0,1.00000,0,0
1845,0.5,0,1.00000,10,1.00000,10,0
1846,0.7,0,1.00000,0,1.00000,0,0
1847,0.85,0,1.00000,5,1.00000,5,0
1848,0.95,0,1.00000,0,1.00000,0,0
1849,1.1,0,1.00000,0,1.00000,0,0
1850,0.5,0,1.00000,0,1.00000,0,0
1851,0.7,0,1.00000,3,1.00000,3,0
1852,0.85,0,1.00000,7,1.00000,7,0
1853,0.95,0,1.00000,8,1.00000,8,0
1854,1.1,0,1.00000,0,1.00000,0,0
1855,0.5,0,1.00000,0,1.00000,0,0
1856,0.7,0,1.00000,0,1.00000,0,0
1857,0.85,0,1.00000,0,1.00000,0,0
1858,0.95,0,1.00000,3,1.00000,3,0
1859,1.1,0,1.00000,6,1.00000,6,0
1860,0.5,0,1.00000,0,1.00000,0,0
1861,0.7,0,1.00000,0,1.00000,0,0
1862,0.85,0,1.00000,3,1.00000,3,0
1863,0.95,0,1.00000,4,1.00000,4,0
1864,1.1,1,0.93062,16,0.91252,13,0
1865,0.5,0,1.00000,3,1.00000,3,0
1866,0.7,0,1.00000,0,1.00000,0,0
1867,0.85,0,0.97327,7,0.97327,7,0
1868,0.95,0,1.00000,9,1.00000,9,0
1869,1.1,1,0.91765,24,0.89510,10,0
1870,0.5,0,1.00000,0,1.00000,0,0
1871,0.7,0,1.00000,7,1.00000,7,0
1872,0.85,0,1.00000,0,1.00000,0,0
1873,0.95,0,1.00000,4,1.00000,4,0
1874,1.1,1,0.98876,28,0.98549,14,0
1875,0.5,0,1.00000,0,1.00000,0,0
1876,0.7,0,1.00000,0,1.00000,0,0
1877,0.85,0,1.00000,4,1.00000,4,0
1878,0.95,0,1.00000,0,1.00000,0,0
1879,1.1,1,0.90581,22,0.88243,5,0
1880,0.5,0,1.00000,4,1.00000,4,0
1881,0.7,0,1.00000,0,1.00000,0,0
1882,0.85,1,1.00000,40,0.89791,3,0
1883,0.95,1,0.93405,28,0.90288,6,0
1884,1.1,0,1.00000,2,1.00000,2,0
1885,0.5,0,1.00000,0,1.00000,0,0
1886,0.7,0,1.00000,0,1.00000,0,0
1887,0.85,0,1.00000,0,1.00000,0,0
1888,0.95,0,1.00000,5,1.00000,5,0
1889,1.1,0,1.00000,0,1.00000,0,0
1890,0.5,0,1.00000,2,1.00000,2,0
1891,0.7,0,1.00000,0,1.00000,0,0
1892,0.85,0,1.00000,1,1.00000,1,0
1893,0.95,0,1.00000,0,1.00000,0,0
1894,1.1,1,1.00000,26,0.95739,0,0
1895,0.5,0,1.00000,3,1.00000,3,0
1896,0.7,0,1.00000,0,1.00000,0,0
1897,0.85,0,1.00000,0,1.00000,0,0
1898,0.95,0,1.00000,4,1.00000,4,0
1899,1.1,1,0.96875,35,0.96014,33,0
1900,0.5,0,1.00000,0,1.00000,0,0
1901,0.7,0,1.00000,0,1.00000,0,0
1902,0.85,0,1.00000,2,1.00000,2,0
1903,0.95,0,1.00000,0,1.00000,0,0
1904,1.1,0,0.98611,2,0.98611,2,0
1905,0.5,0,1.00000,0,1.00000,0,0
1906,0.7,0,1.00000,0,1.00000,0,0
1907,0.85,0,1.00000,5,1.00000,5,0
1908,0.95,0,1.00000,1,1.00000,1,0
1909,1.1,0,1.00000,3,1.00000,3,0
1910,0.5,0,1.00000,0,1.00000,0,0
1911,0.7,0,1.00000,0,1.00000,0,0
1912,0.85,0,1.00000,3,1.00000,3,0
1913,0.95,0,0.97747,6,0.97747,6,0
1914,1.1,0,1.00000,0,1.00000,0,0
1915,0.5,0,1.00000,0,1.00000,0,0
1916,0.7,0,1.00000,0,1.00000,0,0
1917,0.85,0,1.00000,0,1.00000,0,0
1918,0.95,0,1.00000,7,1.00000,7,0
1919,1.1,0,1.00000,1,1.00000,1,0
1920,0.5,0,1.00000,0,1.00000,0,0
1921,0.7,0,1.00000,0,1.00000,0,0
1922,0.85,0,1.00000,2,1.00000,2,0
1923,0.95,0,1.00000,5,1.00000,5,0
1924,1.1,1,1.00000,28,0.96154,2,0
1925,0.5,0,1.00000,0,1.00000,0,0
1926,0.7,0,1.00000,0,1.00000,0,0
1927,0.85,0,1.00000,0,1.00000,0,0
1928,0.95,0,1.00000,0,1.00000,0,0
1929,1.1,0,1.00000,2,1.00000,2,0
1930,0.5,0,1.00000,0,1.00000,0,0
1931,0.7,0,1.00000,0,1.00000,0,0
1932,0.85,0,1.00000,0,1.00000,0,0
1933,0.95,0,1.00000,0,1.00000,0,0
1934,1.1,1,1.00000,53,0.95309,10,0
1935,0.5,0,1.00000,3,1.00000,3,0
1936,0.7,0,1.00000,3,1.00000,3,0
1937,0.85,0,1.00000,4,1.00000,4,0
1938,0.95,0,1.00000,0,1.00000,0,0
1939,1.1,0,1.00000,1,1.00000,1,0
1940,0.5,0,1.00000,0,1.00000,0,0
1941,0.7,0,1.00000,1,1.00000,1,0
1942,0.85,0,1.00000,7,1.00000,7,0
1943,0.95,0,0.86220,6,0.86220,6,0
1944,1.1,0,1.00000,2,1.00000,2,0
1945,0.5,0,1.00000,0,1.00000,0,0
1946,0.7,0,1.00000,0,1.00000,0,0
1947,0.85,0,1.00000,2,1.00000,2,0
1948,0.95,0,1.00000,3,1.00000,3,0
1949,1.1,1,1.00000,18,0.99460,11,0
1950,0.5,0,1.00000,0,1.00000,0,0
1951,0.7,0,1.00000,2,1.00000,2,0
1952,0.85,0,1.00000,4,1.00000,4,0
1953,0.95,0,1.00000,1,1.00000,1,0
1954,1.1,0,1.00000,6,1.00000,6,0
1955,0.5,0,1.00000,6,1.00000,6,0
1956,0.7,0,1.00000,1,1.00000,1,0
1957,0.85,0,1.00000,0,1.00000,0,0
1958,0.95,1,1.00000,21,0.96630,4,0
1959,1.1,0,1.00000,0,1.00000,0,0
1960,0.5,0,1.00000,0,1.00000,0,0
1961,0.7,0,1.00000,5,1.00000,5,0
1962,0.85,0,1.00000,0,1.00000,0,0
1963,0.95,0,1.00000,2,1.00000,2,0
1964,1.1,1,1.00000,48,0.97626,6,0
1965,0.5,0,1.00000,0,1.00000,0,0
1966,0.7,0,1.00000,0,1.00000,0,0
1967,0.85,0,1.00000,6,1.00000,6,0
1968,0.95,0,1.00000,0,1.00000,0,0
1969,1.1,0,1.00000,6,1.00000,6,0
1970,0.5,0,1.00000,0,1.00000,0,0
1971,0.7,0,1.00000,1,1.00000,1,0
1972,0.85,0,1.00000,2,1.00000,2,0
1973,0.95,0,1.00000,6,1.00000,6,0
1974,1.1,1,0.99802,5,0.98218,3,0
1975,0.5,0,1.00000,0,1.00000,0,0
1976,0.7,0,1.00000,6,1.00000,6,0
1977,0.85,0,1.00000,2,1.00000,2,0
1978,0.95,0,1.00000,8,1.00000,8,0
1979,1.1,0,1.00000,27,1.00000,27,0
1980,0.5,0,1.00000,0,1.00000,0,0
1981,0.7,0,1.00000,0,1.00000,0,0
1982,0.85,0,1.00000,7,1.00000,7,0
1983,0.95,0,1.00000,2,1.00000,2,0
1984,1.1,0,1.00000,2,1.00000,2,0
1985,0.5,0,1.00000,0,1.00000,0,0
1986,0.7,0,1.00000,0,1.00000,0,0
1987,0.85,0,1.00000,2,1.00000,2,0
1988,0.95,0,1.00000,2,1.00000,2,0
1989,1.1,1,0.84646,18,0.83268,12,0
1990,0.5,0,1.00000,0,1.00000,0,0
1991,0.7,0,1.00000,6,1.00000,6,0
1992,0.85,0,1.00000,0,1.00000,0,0
1993,0.95,0,1.00000,0,1.00000,0,0
1994,1.1,0,1.00000,2,1.00000,2,0
1995,0.5,0,1.00000,0,1.00000,0,0
1996,0.7,0,1.00000,0,1.00000,0,0
1997,0.85,0,1.00000,16,1.00000,16,0
1998,0.95,0,1.00000,0,1.00000,0,0
1999,1.1,0,1.00000,0,1.00000,0,0
