seed,method,status,solve_s,violations,coverage,unchanged,changed,total,first_violation
1700,M2,,,0,1.00000,0.78261,10,46,
1700,M3,,,0,1.00000,0.00000,46,46,
1700,M4,,,0,1.00000,0.89130,5,46,
1700,OPT,OPTIMAL,0.47,0,1.00000,0.89130,5,46,
1701,M2,,,0,1.00000,0.12500,28,32,
1701,M3,,,0,1.00000,0.03125,31,32,
1701,M4,,,0,1.00000,0.40625,19,32,
1701,OPT,OPTIMAL,0.5,0,1.00000,0.40625,19,32,
1702,M2,,,0,1.00000,0.39785,56,93,
1702,M3,,,0,1.00000,0.00000,93,93,
1702,M4,,,0,1.00000,0.97849,2,93,
1702,OPT,OPTIMAL,7.32,0,1.00000,0.97849,2,93,
1703,M2,,,0,1.00000,0.93023,3,43,
1703,M3,,,0,1.00000,0.00000,43,43,
1703,M4,,,0,1.00000,1.00000,0,43,
1703,OPT,OPTIMAL,1.73,0,1.00000,1.00000,0,43,
1704,M2,,,0,0.97279,0.83117,13,77,
1704,M3,,,0,1.00000,0.09091,70,77,
1704,M4,,,0,1.00000,0.84416,12,77,
1704,OPT,OPTIMAL,10.28,0,1.00000,0.92208,6,77,
1705,M2,,,0,1.00000,0.88136,7,59,
1705,M3,,,0,1.00000,0.03390,57,59,
1705,M4,,,0,1.00000,1.00000,0,59,
1705,OPT,OPTIMAL,0.47,0,1.00000,1.00000,0,59,
1706,M2,,,0,1.00000,0.55556,24,54,
1706,M3,,,0,1.00000,0.12963,47,54,
1706,M4,,,0,1.00000,0.96296,2,54,
1706,OPT,OPTIMAL,0.44,0,1.00000,0.96296,2,54,
1707,M2,,,0,1.00000,0.85714,9,63,
1707,M3,,,0,1.00000,0.00000,63,63,
1707,M4,,,0,1.00000,1.00000,0,63,
1707,OPT,OPTIMAL,2.56,0,1.00000,1.00000,0,63,
1708,M2,,,1,1.00000,0.19298,92,114,"2026-11-17: 10 min break, needs 15"
1708,M3,,,0,1.00000,0.05263,108,114,
1708,M4,,,0,1.00000,0.65789,39,114,
1708,OPT,OPTIMAL,85.88,0,1.00000,0.87719,14,114,
1709,M2,,,0,1.00000,0.20588,54,68,
1709,M3,,,0,1.00000,0.00000,68,68,
1709,M4,,,0,1.00000,0.64706,24,68,
1709,OPT,OPTIMAL,12.96,0,1.00000,0.85294,10,68,
1710,M2,,,0,1.00000,0.96000,1,25,
1710,M3,,,0,1.00000,0.00000,25,25,
1710,M4,,,0,1.00000,1.00000,0,25,
1710,OPT,OPTIMAL,0.31,0,1.00000,1.00000,0,25,
1711,M2,,,0,1.00000,1.00000,0,20,
1711,M3,,,0,0.98710,0.00000,20,20,
1711,M4,,,0,1.00000,1.00000,0,20,
1711,OPT,OPTIMAL,0.4,0,1.00000,1.00000,0,20,
1712,M2,,,0,1.00000,0.46875,17,32,
1712,M3,,,0,1.00000,0.00000,32,32,
1712,M4,,,0,1.00000,0.93750,2,32,
1712,OPT,OPTIMAL,0.59,0,1.00000,0.93750,2,32,
1713,M2,,,0,1.00000,0.96610,2,59,
1713,M3,,,0,1.00000,0.03390,57,59,
1713,M4,,,0,1.00000,1.00000,0,59,
1713,OPT,OPTIMAL,1.71,0,1.00000,1.00000,0,59,
1714,M2,,,0,0.96211,0.33333,50,75,
1714,M3,,,0,0.97404,0.01333,74,75,
1714,M4,,,0,0.97404,0.69333,23,75,
1714,OPT,OPTIMAL,76.4,0,0.97825,0.88000,9,75,
1715,M2,,,0,0.97753,0.85714,5,35,
1715,M3,,,0,1.00000,0.00000,35,35,
1715,M4,,,0,1.00000,0.94286,2,35,
1715,OPT,OPTIMAL,0.7,0,1.00000,0.94286,2,35,
1716,M2,,,0,1.00000,0.82759,5,29,
1716,M3,,,0,1.00000,0.03448,28,29,
1716,M4,,,0,1.00000,1.00000,0,29,
1716,OPT,OPTIMAL,0.05,0,1.00000,1.00000,0,29,
1717,M2,,,1,1.00000,0.97436,1,39,"2026-09-27: 0 min break, needs 15"
1717,M3,,,0,1.00000,0.02564,38,39,
1717,M4,,,0,1.00000,1.00000,0,39,
1717,OPT,OPTIMAL,0.79,0,1.00000,1.00000,0,39,
1718,M2,,,1,0.93730,0.20968,49,62,2026-11-24 t11: ends after due
1718,M3,,,0,0.96865,0.03226,60,62,
1718,M4,,,0,0.93103,0.85484,9,62,
1718,OPT,OPTIMAL,12.12,0,0.98119,0.80645,12,62,
1719,M2,,,0,1.00000,1.00000,0,45,
1719,M3,,,0,1.00000,0.00000,45,45,
1719,M4,,,0,1.00000,1.00000,0,45,
1719,OPT,OPTIMAL,0.96,0,1.00000,1.00000,0,45,
1720,M2,,,1,1.00000,0.85714,6,42,"2027-03-17: 0 min break, needs 10"
1720,M3,,,0,1.00000,0.00000,42,42,
1720,M4,,,0,1.00000,1.00000,0,42,
1720,OPT,OPTIMAL,0.6,0,1.00000,1.00000,0,42,
1721,M2,,,0,1.00000,0.38462,24,39,
1721,M3,,,0,1.00000,0.02564,38,39,
1721,M4,,,0,1.00000,0.79487,8,39,
1721,OPT,OPTIMAL,1.04,0,1.00000,0.79487,8,39,
1722,M2,,,0,1.00000,0.50794,31,63,
1722,M3,,,0,1.00000,0.04762,60,63,
1722,M4,,,0,1.00000,1.00000,0,63,
1722,OPT,OPTIMAL,1.37,0,1.00000,1.00000,0,63,
1723,M2,,,0,1.00000,0.82090,12,67,
1723,M3,,,0,1.00000,0.01493,66,67,
1723,M4,,,0,1.00000,1.00000,0,67,
1723,OPT,OPTIMAL,1.63,0,1.00000,1.00000,0,67,
1724,M2,,,0,0.96178,0.37234,59,94,
1724,M3,,,0,0.97877,0.03191,91,94,
1724,M4,,,0,0.97718,0.53191,44,94,
1724,OPT,OPTIMAL,20.39,0,0.97930,0.85106,14,94,
1725,M2,,,0,1.00000,0.81818,4,22,
1725,M3,,,0,1.00000,0.00000,22,22,
1725,M4,,,0,1.00000,0.86364,3,22,
1725,OPT,OPTIMAL,0.06,0,1.00000,0.86364,3,22,
1726,M2,,,0,1.00000,0.49351,39,77,
1726,M3,,,0,1.00000,0.01299,76,77,
1726,M4,,,0,1.00000,0.92208,6,77,
1726,OPT,OPTIMAL,8.93,0,1.00000,0.93506,5,77,
1727,M2,,,0,1.00000,0.27869,44,61,
1727,M3,,,0,1.00000,0.00000,61,61,
1727,M4,,,0,1.00000,0.90164,6,61,
1727,OPT,OPTIMAL,13.88,0,1.00000,0.91803,5,61,
1728,M2,,,0,1.00000,1.00000,0,52,
1728,M3,,,0,1.00000,0.01923,51,52,
1728,M4,,,0,1.00000,1.00000,0,52,
1728,OPT,OPTIMAL,2.11,0,1.00000,1.00000,0,52,
1729,M2,,,2,1.00000,0.80612,19,98,2027-04-04 t7: 45 min over Work shift
1729,M3,,,0,1.00000,0.04082,94,98,
1729,M4,,,0,1.00000,0.97959,2,98,
1729,OPT,OPTIMAL,3.49,0,1.00000,0.97959,2,98,
1730,M2,,,0,1.00000,1.00000,0,36,
1730,M3,,,0,1.00000,0.00000,36,36,
1730,M4,,,0,1.00000,1.00000,0,36,
1730,OPT,OPTIMAL,0.06,0,1.00000,1.00000,0,36,
1731,M2,,,0,1.00000,0.90000,5,50,
1731,M3,,,0,1.00000,0.00000,50,50,
1731,M4,,,0,1.00000,1.00000,0,50,
1731,OPT,OPTIMAL,1.81,0,1.00000,1.00000,0,50,
1732,M2,,,0,1.00000,0.36842,60,95,
1732,M3,,,0,1.00000,0.03158,92,95,
1732,M4,,,0,1.00000,0.94737,5,95,
1732,OPT,OPTIMAL,8.85,0,1.00000,0.95789,4,95,
1733,M2,,,0,1.00000,0.84483,18,116,
1733,M3,,,0,1.00000,0.04310,111,116,
1733,M4,,,0,1.00000,0.94828,6,116,
1733,OPT,OPTIMAL,2.54,0,1.00000,0.94828,6,116,
1734,M2,,,0,0.93394,0.63780,46,127,
1734,M3,,,0,0.94000,0.07874,117,127,
1734,M4,,,0,0.93636,0.83465,21,127,
1734,OPT,FEASIBLE,120.52,0,0.97818,0.90551,12,127,
1735,M2,,,1,1.00000,0.69231,8,26,"2027-03-17: 0 min break, needs 5"
1735,M3,,,0,1.00000,0.00000,26,26,
1735,M4,,,0,1.00000,0.96154,1,26,
1735,OPT,OPTIMAL,0.47,0,1.00000,0.96154,1,26,
1736,M2,,,0,1.00000,0.55556,40,90,
1736,M3,,,0,1.00000,0.04444,86,90,
1736,M4,,,0,1.00000,0.91111,8,90,
1736,OPT,OPTIMAL,1.88,0,1.00000,0.91111,8,90,
1737,M2,,,0,1.00000,0.83636,9,55,
1737,M3,,,0,1.00000,0.01818,54,55,
1737,M4,,,0,1.00000,1.00000,0,55,
1737,OPT,OPTIMAL,1.7,0,1.00000,1.00000,0,55,
1738,M2,,,0,1.00000,0.15942,58,69,
1738,M3,,,0,1.00000,0.01449,68,69,
1738,M4,,,0,1.00000,0.71014,20,69,
1738,OPT,OPTIMAL,74.21,0,1.00000,0.89855,7,69,
1739,M2,,,0,0.99825,0.09412,77,85,
1739,M3,,,0,1.00000,0.05882,80,85,
1739,M4,,,0,1.00000,0.52941,40,85,
1739,OPT,FEASIBLE,120.46,0,1.00000,0.78824,18,85,
1740,M2,,,0,1.00000,1.00000,0,30,
1740,M3,,,0,1.00000,0.00000,30,30,
1740,M4,,,0,1.00000,1.00000,0,30,
1740,OPT,OPTIMAL,0.06,0,1.00000,1.00000,0,30,
1741,M2,,,0,1.00000,0.91837,4,49,
1741,M3,,,0,1.00000,0.00000,49,49,
1741,M4,,,0,1.00000,1.00000,0,49,
1741,OPT,OPTIMAL,1.94,0,1.00000,1.00000,0,49,
1742,M2,,,0,1.00000,0.58974,16,39,
1742,M3,,,0,1.00000,0.00000,39,39,
1742,M4,,,0,1.00000,0.92308,3,39,
1742,OPT,OPTIMAL,1.54,0,1.00000,0.92308,3,39,
1743,M2,,,1,0.97260,0.74138,30,116,2027-05-17 t7: ends after due
1743,M3,,,0,0.99543,0.03448,112,116,
1743,M4,,,0,0.99543,0.89655,12,116,
1743,OPT,OPTIMAL,7.03,0,1.00000,0.90517,11,116,
1744,M2,,,1,0.88828,0.27778,39,54,"2026-11-08: 0 min break, needs 5"
1744,M3,,,0,0.91300,0.00000,54,54,
1744,M4,,,0,0.93773,1.00000,0,54,
1744,OPT,OPTIMAL,4.97,0,0.95971,0.92593,4,54,
1745,M2,,,1,1.00000,0.66176,23,68,2027-04-04 Mathematics Extension 1: 30 min over Training
1745,M3,,,0,1.00000,0.02941,66,68,
1745,M4,,,0,1.00000,0.91176,6,68,
1745,OPT,OPTIMAL,1.3,0,1.00000,0.91176,6,68,
1746,M2,,,0,1.00000,0.97297,1,37,
1746,M3,,,0,1.00000,0.00000,37,37,
1746,M4,,,0,1.00000,1.00000,0,37,
1746,OPT,OPTIMAL,0.08,0,1.00000,1.00000,0,37,
1747,M2,,,0,1.00000,1.00000,0,37,
1747,M3,,,0,1.00000,0.05405,35,37,
1747,M4,,,0,1.00000,1.00000,0,37,
1747,OPT,OPTIMAL,0.91,0,1.00000,1.00000,0,37,
1748,M2,,,0,1.00000,0.22759,112,145,
1748,M3,,,0,1.00000,0.02759,141,145,
1748,M4,,,0,1.00000,0.87586,18,145,
1748,OPT,OPTIMAL,25.77,0,1.00000,0.88966,16,145,
1749,M2,,,0,1.00000,1.00000,0,134,
1749,M3,,,0,1.00000,0.01493,132,134,
1749,M4,,,0,1.00000,1.00000,0,134,
1749,OPT,OPTIMAL,3.49,0,1.00000,1.00000,0,134,
1750,M2,,,0,1.00000,0.95238,2,42,
1750,M3,,,0,1.00000,0.00000,42,42,
1750,M4,,,0,1.00000,1.00000,0,42,
1750,OPT,OPTIMAL,0.11,0,1.00000,1.00000,0,42,
1751,M2,,,1,1.00000,0.40000,30,50,2027-04-04 Geography: 45 min over Work shift
1751,M3,,,0,1.00000,0.00000,50,50,
1751,M4,,,0,1.00000,0.98000,1,50,
1751,OPT,OPTIMAL,1.54,0,1.00000,0.98000,1,50,
1752,M2,,,0,1.00000,0.67797,19,59,
1752,M3,,,0,1.00000,0.03390,57,59,
1752,M4,,,0,1.00000,1.00000,0,59,
1752,OPT,OPTIMAL,1.66,0,1.00000,1.00000,0,59,
1753,M2,,,0,1.00000,0.52174,44,92,
1753,M3,,,0,1.00000,0.04348,88,92,
1753,M4,,,0,1.00000,1.00000,0,92,
1753,OPT,OPTIMAL,2.22,0,1.00000,1.00000,0,92,
1754,M2,,,0,1.00000,0.25641,29,39,
1754,M3,,,0,1.00000,0.00000,39,39,
1754,M4,,,0,1.00000,0.79487,8,39,
1754,OPT,OPTIMAL,6.35,0,1.00000,0.84615,6,39,
1755,M2,,,0,1.00000,1.00000,0,30,
1755,M3,,,0,1.00000,0.00000,30,30,
1755,M4,,,0,1.00000,1.00000,0,30,
1755,OPT,OPTIMAL,0.06,0,1.00000,1.00000,0,30,
1756,M2,,,0,0.88800,0.60000,14,35,
1756,M3,,,0,1.00000,0.00000,35,35,
1756,M4,,,0,1.00000,0.94286,2,35,
1756,OPT,OPTIMAL,1.05,0,1.00000,0.94286,2,35,
1757,M2,,,0,1.00000,1.00000,0,42,
1757,M3,,,0,0.99306,0.02381,41,42,
1757,M4,,,0,1.00000,1.00000,0,42,
1757,OPT,OPTIMAL,0.79,0,1.00000,1.00000,0,42,
1758,M2,,,0,0.99169,0.91837,4,49,
1758,M3,,,0,1.00000,0.00000,49,49,
1758,M4,,,0,1.00000,1.00000,0,49,
1758,OPT,OPTIMAL,2.87,0,1.00000,1.00000,0,49,
1759,M2,,,0,1.00000,1.00000,0,44,
1759,M3,,,0,1.00000,0.02273,43,44,
1759,M4,,,0,1.00000,1.00000,0,44,
1759,OPT,OPTIMAL,2.11,0,1.00000,1.00000,0,44,
1760,M2,,,0,1.00000,0.88571,4,35,
1760,M3,,,0,1.00000,0.00000,35,35,
1760,M4,,,0,1.00000,1.00000,0,35,
1760,OPT,OPTIMAL,0.24,0,1.00000,1.00000,0,35,
1761,M2,,,1,1.00000,0.76667,14,60,"2026-11-08: 0 min break, needs 15"
1761,M3,,,0,1.00000,0.05000,57,60,
1761,M4,,,0,1.00000,0.90000,6,60,
1761,OPT,OPTIMAL,0.93,0,1.00000,0.90000,6,60,
1762,M2,,,0,1.00000,0.20732,65,82,
1762,M3,,,0,1.00000,0.03659,79,82,
1762,M4,,,0,1.00000,0.90244,8,82,
1762,OPT,OPTIMAL,7.8,0,1.00000,0.92683,6,82,
1763,M2,,,0,1.00000,0.35714,45,70,
1763,M3,,,0,1.00000,0.00000,70,70,
1763,M4,,,0,1.00000,0.90000,7,70,
1763,OPT,OPTIMAL,45.3,0,1.00000,0.90000,7,70,
1764,M2,,,0,0.98116,0.74038,27,104,
1764,M3,,,0,0.99372,0.11538,92,104,
1764,M4,,,0,0.99372,0.79808,21,104,
1764,OPT,FEASIBLE,120.5,0,1.00000,0.90385,10,104,
1765,M2,,,0,1.00000,0.92308,2,26,
1765,M3,,,0,1.00000,0.00000,26,26,
1765,M4,,,0,1.00000,0.92308,2,26,
1765,OPT,OPTIMAL,0.07,0,1.00000,0.92308,2,26,
1766,M2,,,0,1.00000,0.82857,6,35,
1766,M3,,,0,1.00000,0.00000,35,35,
1766,M4,,,0,1.00000,0.94286,2,35,
1766,OPT,OPTIMAL,0.24,0,1.00000,0.94286,2,35,
1767,M2,,,0,0.99082,0.85135,11,74,
1767,M3,,,0,0.99082,0.01351,73,74,
1767,M4,,,0,0.99082,0.91892,6,74,
1767,OPT,OPTIMAL,2.98,0,0.99082,0.91892,6,74,
1768,M2,,,1,1.00000,0.39726,44,73,"2026-09-27: 0 min break, needs 5"
1768,M3,,,0,1.00000,0.00000,73,73,
1768,M4,,,0,1.00000,0.95890,3,73,
1768,OPT,OPTIMAL,3.22,0,1.00000,0.97260,2,73,
1769,M2,,,1,1.00000,0.61290,36,93,"2026-10-18: 0 min break, needs 15"
1769,M3,,,0,1.00000,0.01075,92,93,
1769,M4,,,0,1.00000,1.00000,0,93,
1769,OPT,OPTIMAL,2.14,0,1.00000,1.00000,0,93,
1770,M2,,,0,1.00000,0.90698,4,43,
1770,M3,,,0,1.00000,0.02326,42,43,
1770,M4,,,0,1.00000,1.00000,0,43,
1770,OPT,OPTIMAL,0.3,0,1.00000,1.00000,0,43,
1771,M2,,,0,1.00000,0.86154,9,65,
1771,M3,,,0,1.00000,0.10769,58,65,
1771,M4,,,0,1.00000,0.95385,3,65,
1771,OPT,OPTIMAL,0.66,0,1.00000,0.95385,3,65,
1772,M2,,,0,1.00000,0.27273,24,33,
1772,M3,,,0,1.00000,0.00000,33,33,
1772,M4,,,0,1.00000,0.87879,4,33,
1772,OPT,OPTIMAL,1.33,0,1.00000,0.90909,3,33,
1773,M2,,,0,1.00000,0.77193,13,57,
1773,M3,,,0,0.99796,0.00000,57,57,
1773,M4,,,0,1.00000,0.96491,2,57,
1773,OPT,OPTIMAL,1.47,0,1.00000,0.96491,2,57,
1774,M2,,,1,1.00000,0.31481,37,54,"2026-10-16: 5 min break, needs 10"
1774,M3,,,0,1.00000,0.00000,54,54,
1774,M4,,,0,1.00000,0.88889,6,54,
1774,OPT,OPTIMAL,3.24,0,1.00000,0.90741,5,54,
1775,M2,,,0,1.00000,0.80702,11,57,
1775,M3,,,0,1.00000,0.10526,51,57,
1775,M4,,,0,1.00000,1.00000,0,57,
1775,OPT,OPTIMAL,0.93,0,1.00000,1.00000,0,57,
1776,M2,,,0,1.00000,1.00000,0,26,
1776,M3,,,0,1.00000,0.00000,26,26,
1776,M4,,,0,1.00000,1.00000,0,26,
1776,OPT,OPTIMAL,0.17,0,1.00000,1.00000,0,26,
1777,M2,,,0,1.00000,0.61151,54,139,
1777,M3,,,0,1.00000,0.05036,132,139,
1777,M4,,,0,1.00000,0.99281,1,139,
1777,OPT,OPTIMAL,3.43,0,1.00000,0.99281,1,139,
1778,M2,,,0,1.00000,0.67647,33,102,
1778,M3,,,0,1.00000,0.11765,90,102,
1778,M4,,,0,1.00000,0.95098,5,102,
1778,OPT,OPTIMAL,1.74,0,1.00000,0.95098,5,102,
1779,M2,,,1,0.97574,0.31034,80,116,2027-03-19 t8: ends after due
1779,M3,,,0,1.00000,0.00000,116,116,
1779,M4,,,0,1.00000,0.71552,33,116,
1779,OPT,OPTIMAL,9.26,0,1.00000,0.71552,33,116,
1780,M2,,,0,1.00000,0.87805,5,41,
1780,M3,,,0,1.00000,0.00000,41,41,
1780,M4,,,0,1.00000,1.00000,0,41,
1780,OPT,OPTIMAL,0.36,0,1.00000,1.00000,0,41,
1781,M2,,,0,1.00000,0.70513,23,78,
1781,M3,,,0,1.00000,0.02564,76,78,
1781,M4,,,0,1.00000,1.00000,0,78,
1781,OPT,OPTIMAL,2.4,0,1.00000,1.00000,0,78,
1782,M2,,,0,0.98858,0.50526,47,95,
1782,M3,,,0,1.00000,0.04211,91,95,
1782,M4,,,0,1.00000,0.97895,2,95,
1782,OPT,OPTIMAL,11.56,0,1.00000,0.97895,2,95,
1783,M2,,,0,0.96033,0.94355,7,124,
1783,M3,,,0,0.98330,0.05645,117,124,
1783,M4,,,0,0.98330,0.94355,7,124,
1783,OPT,OPTIMAL,51.54,0,0.98330,0.95968,5,124,
1784,M2,,,0,1.00000,0.19608,82,102,
1784,M3,,,0,1.00000,0.05882,96,102,
1784,M4,,,0,1.00000,0.57843,43,102,
1784,OPT,OPTIMAL,69.85,0,1.00000,0.83333,17,102,
1785,M2,,,0,1.00000,1.00000,0,31,
1785,M3,,,0,1.00000,0.00000,31,31,
1785,M4,,,0,1.00000,1.00000,0,31,
1785,OPT,OPTIMAL,0.06,0,1.00000,1.00000,0,31,
1786,M2,,,0,1.00000,0.40000,27,45,
1786,M3,,,0,1.00000,0.00000,45,45,
1786,M4,,,0,1.00000,0.91111,4,45,
1786,OPT,OPTIMAL,2.13,0,1.00000,0.93333,3,45,
1787,M2,,,0,1.00000,0.29545,31,44,
1787,M3,,,0,1.00000,0.00000,44,44,
1787,M4,,,0,1.00000,0.79545,9,44,
1787,OPT,OPTIMAL,1.71,0,1.00000,0.84091,7,44,
1788,M2,,,0,0.97177,0.52113,34,71,
1788,M3,,,0,1.00000,0.12676,62,71,
1788,M4,,,0,1.00000,0.94366,4,71,
1788,OPT,OPTIMAL,3.79,0,1.00000,0.97183,2,71,
1789,M2,,,0,1.00000,1.00000,0,40,
1789,M3,,,0,1.00000,0.02500,39,40,
1789,M4,,,0,1.00000,1.00000,0,40,
1789,OPT,OPTIMAL,1.91,0,1.00000,1.00000,0,40,
1790,M2,,,0,1.00000,1.00000,0,36,
1790,M3,,,0,1.00000,0.02778,35,36,
1790,M4,,,0,1.00000,1.00000,0,36,
1790,OPT,OPTIMAL,0.06,0,1.00000,1.00000,0,36,
1791,M2,,,0,1.00000,0.26829,30,41,
1791,M3,,,0,1.00000,0.02439,40,41,
1791,M4,,,0,0.99067,0.73171,11,41,
1791,OPT,OPTIMAL,1.66,0,1.00000,0.73171,11,41,
1792,M2,,,0,1.00000,0.46512,23,43,
1792,M3,,,0,1.00000,0.00000,43,43,
1792,M4,,,0,1.00000,0.90698,4,43,
1792,OPT,OPTIMAL,3.11,0,1.00000,0.93023,3,43,
1793,M2,,,0,1.00000,0.15385,77,91,
1793,M3,,,0,1.00000,0.00000,91,91,
1793,M4,,,0,1.00000,0.81319,17,91,
1793,OPT,OPTIMAL,40.03,0,1.00000,0.85714,13,91,
1794,M2,,,0,1.00000,0.67105,25,76,
1794,M3,,,0,1.00000,0.01316,75,76,
1794,M4,,,0,1.00000,0.94737,4,76,
1794,OPT,OPTIMAL,4.61,0,1.00000,0.96053,3,76,
1795,M2,,,3,1.00000,0.82759,5,29,2026-11-07 English Advanced: 60 min over Something came up
1795,M3,,,0,1.00000,0.00000,29,29,
1795,M4,,,0,1.00000,1.00000,0,29,
1795,OPT,OPTIMAL,0.07,0,1.00000,1.00000,0,29,
1796,M2,,,0,1.00000,0.88889,3,27,
1796,M3,,,0,1.00000,0.00000,27,27,
1796,M4,,,0,1.00000,0.96296,1,27,
1796,OPT,OPTIMAL,0.53,0,1.00000,0.96296,1,27,
1797,M2,,,0,1.00000,0.93478,3,46,
1797,M3,,,0,1.00000,0.00000,46,46,
1797,M4,,,0,1.00000,0.97826,1,46,
1797,OPT,OPTIMAL,1.87,0,1.00000,0.97826,1,46,
1798,M2,,,0,1.00000,0.13889,62,72,
1798,M3,,,0,1.00000,0.01389,71,72,
1798,M4,,,0,1.00000,0.97222,2,72,
1798,OPT,OPTIMAL,4.35,0,1.00000,0.97222,2,72,
1799,M2,,,2,0.91440,0.33333,38,57,2027-05-19 t2: ends after due
1799,M3,,,0,0.94034,0.00000,57,57,
1799,M4,,,0,0.93256,0.87719,7,57,
1799,OPT,OPTIMAL,69.84,0,0.95590,0.80702,11,57,
