seed,method,label,severity,severity_min,tz,start_date,clock_change,utilisation_target,utilisation,clustered,cap,tasks,start_violations,violations,v_commitment,v_sleep,v_overlap,v_break,v_cap,v_late,v_release,v_short,v_past,violation_min,coverage,unmet_weighted,unmet,fully_prepared,unchanged,moved,removed,added,displacement,day_changes,cost,subject_error,starved,runtime_ms,first_violation
1,M0,D2,light,0,Australia/Hobart,2027-03-15,true,0.7,0.705,false,120,8,2,0,0,0,0,0,0,0,0,0,0,0.0,1.0000,0.0,0.0,1.0000,0.9649,0.0000,0.0351,0,0.0,0,0.407,0.4298,0.0000,0.87,
1,M1,D2,light,0,Australia/Hobart,2027-03-15,true,0.7,0.705,false,120,8,2,0,0,0,0,0,0,0,0,0,0,0.0,1.0000,0.0,0.0,1.0000,0.9649,0.0000,0.0351,0,0.0,0,0.407,0.4298,0.0000,2.09,
1,M2,D2,light,0,Australia/Hobart,2027-03-15,true,0.7,0.705,false,120,8,2,2,2,0,0,0,0,0,0,0,0,55.0,1.0000,0.0,0.0,1.0000,0.8596,0.1404,0.0000,0,40.0,0,1.051,0.4528,0.0000,4.30,2027-04-04 Business Studies: 30 min over Work shift
1,M3,D2,light,0,Australia/Hobart,2027-03-15,true,0.7,0.705,false,120,8,2,0,0,0,0,0,0,0,0,0,0,0.0,0.9697,45.0,20.0,0.6250,0.0351,0.8772,0.0877,5,242720.0,25,992.359,0.2807,0.0000,1.27,
2,M0,D3,heavy,215,Australia/Lord_Howe,2026-11-02,false,0.85,0.848,true,240,20,0,0,0,0,0,0,0,0,0,0,0,0.0,0.9174,530.0,215.0,0.8000,0.9434,0.0000,0.0566,0,0.0,0,20.756,0.7438,0.0000,0.89,
2,M1,D3,heavy,215,Australia/Lord_Howe,2026-11-02,false,0.85,0.848,true,240,20,0,0,0,0,0,0,0,0,0,0,0,0.0,0.9315,440.0,185.0,0.8000,0.9434,0.0094,0.0472,0,15080.0,1,899.054,0.7576,0.0000,2.22,
2,M2,D3,heavy,215,Australia/Lord_Howe,2026-11-02,false,0.85,0.848,true,240,20,0,0,0,0,0,0,0,0,0,0,0,0.0,1.0000,0.0,0.0,1.0000,0.1792,0.7642,0.0566,1,108470.0,69,1651.495,0.7576,0.0000,3.81,
2,M3,D3,heavy,215,Australia/Lord_Howe,2026-11-02,false,0.85,0.848,true,240,20,0,0,0,0,0,0,0,0,0,0,0,0.0,0.9984,10.0,5.0,0.9500,0.0377,0.6604,0.3019,7,89285.0,54,1459.172,0.3039,0.0000,1.30,
3,M0,D4,light,55,Australia/Lord_Howe,2027-03-15,true,0.95,0.951,false,120,15,0,0,0,0,0,0,0,0,0,0,0,0.0,0.9430,165.0,55.0,0.9167,0.9697,0.0000,0.0303,0,0.0,0,1.351,0.6781,0.0000,0.67,
3,M1,D4,light,55,Australia/Lord_Howe,2027-03-15,true,0.95,0.951,false,120,15,0,0,0,0,0,0,0,0,0,0,0,0.0,1.0000,0.0,0.0,1.0000,0.9697,0.0303,0.0000,1,145.0,0,4.264,0.7285,0.0000,1.98,
3,M2,D4,light,55,Australia/Lord_Howe,2027-03-15,true,0.95,0.951,false,120,15,0,0,0,0,0,0,0,0,0,0,0,0.0,1.0000,0.0,0.0,1.0000,0.8182,0.1818,0.0000,0,370.0,0,8.715,0.7285,0.0000,2.20,
3,M3,D4,light,55,Australia/Lord_Howe,2027-03-15,true,0.95,0.951,false,120,15,0,0,0,0,0,0,0,0,0,0,0,0.0,1.0000,0.0,0.0,1.0000,0.0000,0.7879,0.2121,11,42975.0,7,263.895,0.3517,0.0000,1.11,
4,M0,D5,heavy,240,Europe/London,2026-11-02,false,1.1,1.099,true,180,21,0,0,0,0,0,0,0,0,0,0,0,0.0,0.9710,240.0,240.0,0.9524,1.0000,0.0000,0.0000,0,0.0,0,0.000,1.0606,0.0000,0.74,
4,M1,D5,heavy,240,Europe/London,2026-11-02,false,1.1,1.099,true,180,21,0,0,0,0,0,0,0,0,0,0,0,0.0,0.9710,240.0,240.0,0.9524,1.0000,0.0000,0.0000,0,0.0,0,0.000,1.0606,0.0000,1.86,
4,M2,D5,heavy,240,Europe/London,2026-11-02,false,1.1,1.099,true,180,21,0,0,0,0,0,0,0,0,0,0,0,0.0,1.0000,0.0,0.0,1.0000,0.0694,0.8889,0.0417,12,113805.0,53,1286.398,1.3052,0.0000,2.98,
4,M3,D5,heavy,240,Europe/London,2026-11-02,false,1.1,1.099,true,180,21,0,0,0,0,0,0,0,0,0,0,0,0.0,0.9921,65.0,25.0,0.8571,0.0833,0.8056,0.1111,13,110555.0,55,1406.489,0.9887,0.0000,1.08,
5,M0,D6,heavy,320,Australia/Darwin,2026-11-02,false,0.5,0.503,true,210,8,0,0,0,0,0,0,0,0,0,0,0,0.0,0.7070,400.0,320.0,0.3750,0.9091,0.0000,0.0909,0,0.0,0,16.404,0.1148,0.0000,0.69,
5,M1,D6,heavy,320,Australia/Darwin,2026-11-02,false,0.5,0.503,true,210,8,0,0,0,0,0,0,0,0,0,0,0,0.0,0.9890,15.0,15.0,0.7500,0.9091,0.0909,0.0000,3,27420.0,5,1508.687,0.2247,0.0000,1.71,
5,M2,D6,heavy,320,Australia/Darwin,2026-11-02,false,0.5,0.503,true,210,8,0,0,0,0,0,0,0,0,0,0,0,0.0,1.0000,0.0,0.0,1.0000,0.6545,0.3455,0.0000,3,40560.0,19,1285.678,0.2271,0.0000,2.19,
5,M3,D6,heavy,320,Australia/Darwin,2026-11-02,false,0.5,0.503,true,210,8,0,0,0,0,0,0,0,0,0,0,0,0.0,0.9927,10.0,10.0,0.7500,0.0000,0.8545,0.1455,9,331830.0,42,2185.469,0.0256,0.0000,1.10,
6,M0,D1,light,45,Australia/Adelaide,2027-03-15,true,0.7,0.696,true,240,18,0,0,0,0,0,0,0,0,0,0,0,0.0,0.9817,45.0,45.0,0.9231,1.0000,0.0000,0.0000,0,0.0,0,0.000,0.1260,0.0000,0.51,
6,M1,D1,light,45,Australia/Adelaide,2027-03-15,true,0.7,0.696,true,240,18,0,0,0,0,0,0,0,0,0,0,0,0.0,1.0000,0.0,0.0,1.0000,1.0000,0.0000,0.0000,2,0.0,0,2.000,0.1504,0.0000,1.48,
6,M2,D1,light,45,Australia/Adelaide,2027-03-15,true,0.7,0.696,true,240,18,0,0,0,0,0,0,0,0,0,0,0,0.0,1.0000,0.0,0.0,1.0000,0.8136,0.1695,0.0169,1,4505.0,2,257.882,0.1504,0.0000,1.72,
6,M3,D1,light,45,Australia/Adelaide,2027-03-15,true,0.7,0.696,true,240,18,0,0,0,0,0,0,0,0,0,0,0,0.0,0.9898,25.0,15.0,0.7692,0.0000,0.8475,0.1525,2,316220.0,36,1842.800,0.0182,0.0000,0.92,
7,M0,D2,light,0,Australia/Sydney,2026-10-19,false,0.85,0.848,true,120,14,0,0,0,0,0,0,0,0,0,0,0,0.0,1.0000,0.0,0.0,1.0000,1.0000,0.0000,0.0000,0,0.0,0,0.000,0.6611,0.0000,0.67,
7,M1,D2,light,0,Australia/Sydney,2026-10-19,false,0.85,0.848,true,120,14,0,0,0,0,0,0,0,0,0,0,0,0.0,1.0000,0.0,0.0,1.0000,1.0000,0.0000,0.0000,0,0.0,0,0.000,0.6611,0.0000,1.71,
7,M2,D2,light,0,Australia/Sydney,2026-10-19,false,0.85,0.848,true,120,14,0,0,0,0,0,0,0,0,0,0,0,0.0,1.0000,0.0,0.0,1.0000,1.0000,0.0000,0.0000,0,0.0,0,0.000,0.6611,0.0000,2.42,
7,M3,D2,light,0,Australia/Sydney,2026-10-19,false,0.85,0.848,true,120,14,0,0,0,0,0,0,0,0,0,0,0,0.0,0.9970,10.0,5.0,0.9286,0.0000,0.7576,0.2424,2,54050.0,12,414.644,0.2056,0.0000,1.00,
8,M0,D3,light,0,Australia/Melbourne,2026-11-02,false,0.95,0.952,false,90,10,0,0,0,0,0,0,0,0,0,0,0,0.0,1.0000,0.0,0.0,1.0000,1.0000,0.0000,0.0000,0,0.0,0,0.000,0.6088,0.0000,0.71,
8,M1,D3,light,0,Australia/Melbourne,2026-11-02,false,0.95,0.952,false,90,10,0,0,0,0,0,0,0,0,0,0,0,0.0,1.0000,0.0,0.0,1.0000,1.0000,0.0000,0.0000,0,0.0,0,0.000,0.6088,0.0000,1.92,
8,M2,D3,light,0,Australia/Melbourne,2026-11-02,false,0.95,0.952,false,90,10,0,0,0,0,0,0,0,0,0,0,0,0.0,1.0000,0.0,0.0,1.0000,1.0000,0.0000,0.0000,0,0.0,0,0.000,0.6088,0.0000,2.42,
8,M3,D3,light,0,Australia/Melbourne,2026-11-02,false,0.95,0.952,false,90,10,0,0,0,0,0,0,0,0,0,0,0,0.0,0.9927,20.0,15.0,0.8000,0.0000,0.7907,0.2093,7,77885.0,17,462.446,0.2580,0.0000,1.07,
9,M0,D4,medium,60,Australia/Melbourne,2026-10-12,false,1.1,1.094,true,240,20,1,1,0,0,0,0,0,1,0,0,0,15.0,0.9720,255.0,105.0,0.8500,0.9853,0.0000,0.0147,0,0.0,0,1.718,1.1417,0.0000,0.64,2026-10-22 t9: ends after due
9,M1,D4,medium,60,Australia/Melbourne,2026-10-12,false,1.1,1.094,true,240,20,1,1,0,0,0,0,0,1,0,0,0,15.0,0.9852,135.0,45.0,0.9000,0.9853,0.0147,0.0000,0,2580.0,0,36.944,1.1749,0.0000,1.74,2026-10-22 t9: ends after due
9,M2,D4,medium,60,Australia/Melbourne,2026-10-12,false,1.1,1.094,true,240,20,1,1,0,0,0,0,0,1,0,0,0,15.0,0.9852,135.0,45.0,0.9000,0.9265,0.0735,0.0000,0,1875.0,0,39.700,1.1749,0.0000,3.68,2026-10-22 t9: ends after due
9,M3,D4,medium,60,Australia/Melbourne,2026-10-12,false,1.1,1.094,true,240,20,1,0,0,0,0,0,0,0,0,0,0,0.0,0.9967,30.0,10.0,0.9500,0.0294,0.8235,0.1471,7,154090.0,79,1799.699,0.8579,0.0000,1.06,
10,M0,D5,medium,180,Australia/Adelaide,2027-02-08,false,0.5,0.554,true,90,7,0,0,0,0,0,0,0,0,0,0,0,0.0,0.5789,360.0,180.0,0.8571,1.0000,0.0000,0.0000,0,0.0,0,0.000,0.0172,0.0000,0.76,
10,M1,D5,medium,180,Australia/Adelaide,2027-02-08,false,0.5,0.554,true,90,7,0,0,0,0,0,0,0,0,0,0,0,0.0,1.0000,0.0,0.0,1.0000,1.0000,0.0000,0.0000,5,0.0,0,5.000,0.2206,0.0000,1.70,
10,M2,D5,medium,180,Australia/Adelaide,2027-02-08,false,0.5,0.554,true,90,7,0,0,0,0,0,0,0,0,0,0,0,0.0,1.0000,0.0,0.0,1.0000,0.8571,0.0476,0.0952,5,1315.0,1,20.699,0.1528,0.0000,2.12,
10,M3,D5,medium,180,Australia/Adelaide,2027-02-08,false,0.5,0.554,true,90,7,0,0,0,0,0,0,0,0,0,0,0,0.0,1.0000,0.0,0.0,1.0000,0.0000,0.6190,0.3810,8,84530.0,11,390.651,0.0123,0.0000,0.99,
11,M0,D6,heavy,265,Australia/Adelaide,2027-02-08,false,0.7,0.696,false,210,17,0,0,0,0,0,0,0,0,0,0,0,0.0,0.8804,400.0,265.0,0.7647,0.9242,0.0000,0.0758,0,0.0,0,17.510,0.5150,0.0000,0.69,
11,M1,D6,heavy,265,Australia/Adelaide,2027-02-08,false,0.7,0.696,false,210,17,0,0,0,0,0,0,0,0,0,0,0,0.0,0.8804,400.0,265.0,0.7647,0.9242,0.0000,0.0758,0,0.0,0,17.510,0.5150,0.0000,1.71,
11,M2,D6,heavy,265,Australia/Adelaide,2027-02-08,false,0.7,0.696,false,210,17,0,0,0,0,0,0,0,0,0,0,0,0.0,1.0000,0.0,0.0,1.0000,0.3030,0.6515,0.0455,4,75985.0,43,1487.852,0.5666,0.0000,2.56,
11,M3,D6,heavy,265,Australia/Adelaide,2027-02-08,false,0.7,0.696,false,210,17,0,0,0,0,0,0,0,0,0,0,0,0.0,0.9791,70.0,40.0,0.6471,0.0000,0.7576,0.2424,5,165585.0,47,1635.579,0.2011,0.0000,1.00,
12,M0,D1,light,40,Australia/Brisbane,2027-03-15,false,0.85,0.848,false,240,20,0,0,0,0,0,0,0,0,0,0,0,0.0,0.9866,80.0,40.0,0.9474,1.0000,0.0000,0.0000,0,0.0,0,0.000,0.7574,0.0000,0.57,
12,M1,D1,light,40,Australia/Brisbane,2027-03-15,false,0.85,0.848,false,240,20,0,0,0,0,0,0,0,0,0,0,0,0.0,0.9866,80.0,40.0,0.9474,1.0000,0.0000,0.0000,0,0.0,0,0.000,0.7574,0.0000,1.49,
12,M2,D1,light,40,Australia/Brisbane,2027-03-15,false,0.85,0.848,false,240,20,0,0,0,0,0,0,0,0,0,0,0,0.0,1.0000,0.0,0.0,1.0000,0.5638,0.3936,0.0426,1,24295.0,15,259.764,0.7351,0.0000,2.17,
12,M3,D1,light,40,Australia/Brisbane,2027-03-15,false,0.85,0.848,false,240,20,0,0,0,0,0,0,0,0,0,0,0,0.0,0.9950,30.0,20.0,0.8947,0.0319,0.7234,0.2447,2,75705.0,37,954.846,0.3812,0.0000,0.87,
